,Source,Target
2041,This is what I want.,আমি এইটাই চাই।
47,Call us.,আমাদের ডাকিস।
4229,What will you be doing at this time tomorrow?,কাল আপনি এই সময় কি করবেন?
2578,Tom read lots of books.,টম প্রচুর বই পড়ে।
183,I'm full.,আমার পেট ভরতি হয়ে গেছে।
3475,I found this book interesting.,আমার এই বইটা আকর্ষণীয় বলে মনে হয়েছিল।
3566,I am going to America by plane.,আমি বিমানে করে আমেরিকা যাচ্ছি।
1064,We are doctors.,আমরা ডাক্তার।
1201,I was a teacher.,আমি একজন শিক্ষক ছিলাম।
2175,I'm not your teacher.,আমি তোমার শিক্ষক নই।
1878,This is a hospital.,এটা একটা হাসপাতাল।
1690,My shoulders hurt.,আমার কাঁধ ব্যাথা করছে।
1432,Everybody saw it.,সবাই সেটা দেখেছিলো।
1491,I live near here.,আমি কাছাকাছিই থাকি।
29,I'm OK.,আমি ঠিক আছি।
2279,Eat whatever you like.,তোমার যা পছন্দ হয় তাই খাও।
2728,Tom was born in October.,টম অক্টোবরে জন্মেছিলো।
16,Smile.,একটু হাসো।
2035,They were all happy.,ওনারা সবাই সুখী ছিলেন।
2147,I did that last year.,আমি ওটা গত বছর করেছিলাম।
3934,You're sitting too close to the TV.,আপনি টিভির খুব কাছে বসে আছেন।
471,Stop there.,ওখানেই থামুন।
572,I live here.,আমি এখানে বাস করি।
2689,Mary is a very shy girl.,মেরি খুব লাজুক মেয়ে।
1957,Do you have my book?,আপনার কাছে কি আমার বইটা আছে?
3790,What is the meaning of that word?,ওই শব্দটার মানে কী?
467,Stay there.,ওখানেই থাকো।
488,Tom's deaf.,টম বধির।
940,We're trapped.,আমরা আটকে পরেছি।
1506,I'm pretty tired.,আমি বেশ ক্লান্ত।
374,Don't come.,আসবেন না।
867,It's not mine.,এটা আমার নয়।
1636,Everyone is tired.,সবাই পরিশ্রান্ত।
1159,I am very tired.,আমি খুব ক্লান্ত।
2464,Don't underestimate me.,আমাকে কোন অংশে কম মনে কোরো না।
55,Get Tom.,টমকে ডাকুন।
3602,There is a mistake in the bill.,বিলটায় একটা ভুল আছে।
3426,The museum is closed Sundays.,জাদুঘরটা রবিবার করে বন্ধ থাকে।
1381,Wait right here.,ঠিক এখানেই অপেক্ষা করো।
4273,She explained the literal meaning of the phrase.,উনি বাক্যাংশটির আক্ষরিক অর্থ ব্যাখ্যা করে দিলেন।
2820,The museum is closed now.,জাদুঘর এখন বন্ধ আছে।
3896,I want to get off at the next stop.,আমি পরের স্টপে নামতে চাই।
4155,I need to buy some medicine for my father.,আমি আমার বাবার জন্য কিছু ওষুধ কিনতে চাই।
3226,I'd like to open an account.,আমি একটা অ্যাকাউন্ট খুলতে চাই।
2959,The hospital is near here.,হাসপাতালটা কাছাকাছির মধ্যেই আছে।
3577,I think Tom only speaks French.,আমার মনে হয় টম খালি ফরাসি ভাষায় কথা বলে।
4034,What time does the airport bus leave?,এয়ারপোর্টের বাসটা কটায় ছাড়ে?
1172,I don't deny it.,আমি এটা অস্বীকার করি না।
3362,Football is my favorite game.,ফুটবল আমার প্রিয় খেলা।
710,I've seen it.,আমি এটা দেখেছি।
3346,You're not paying attention.,তুমি কিন্তু মনোযোগ দিচ্ছো না।
3395,I don't want to be like that.,আমি ওইরকম হতে চাই না।
2042,Tom began screaming.,টম চেঁচানো শুরু করলো।
1260,I've got a cold.,আমার ঠান্ডা লেগেছে।
2899,He eats nothing but fruit.,উনি ফল ছাড়া আর কিছুই খান না।
1374,Tom worked here.,টম এখানে কাজ করতো।
729,Please hurry.,একটু তারাতারি করো।
3304,Tom wanted to talk with you.,টম আপনার সাথে কথা বলতে চেয়েছিল।
1478,I believe in you.,আমি তোমাকে বিশ্বাস করি।
291,I'm clean.,আমি পরিষ্কার।
2319,I have to go to sleep.,আমাকে ঘুমাতে যেতে হবে।
1022,No one laughed.,কেউ হাঁসলো না।
4353,"If he had taken his doctor's advice, he might still be alive.","উনি যদি ওনার ডাক্তারের পরামর্শ মানতেন, তাহলে হয়তো এখনো বেঁচে থাকতেন।"
2131,Have you finished it?,আপনাদের ওটা করা হয়ে গেছে?
39,Why me?,আমিই কেন?
472,Stop there.,ওখানেই থামো।
2782,I didn't complain at all.,আমি একদমই অভিযোগ করিনি।
726,Now fix that.,এবার ওটা ঠিক করো।
2117,Does Tom play tennis?,টম কি টেনিস খেলে?
3793,What time does your plane depart?,আপনার প্লেনটা কটার সময় ছাড়বে?
2669,I missed the 7:00 train.,আমি ৭ঃ০০টার ট্রেনটা ধরতে পারিনি।
2217,Tom is in his office.,টম ওর অফিসে রয়েছে।
2761,Do you know what he said?,আপনি কি জানেন উনি কী বললেন?
3141,Grammar is very complicated.,ব্যাকরণ খুব জটিল।
4064,Your daughter is not a child any more.,তোমার মেয়ে আর বাচ্চা নেই।
4352,"What's going on in the cave? I'm curious. ""I have no idea.""","গুহার ভেতর কি হচ্ছে? আমি জানার জন্য উৎসুক হয়ে আছি। ""আমার কোনো ধারণা নেই।"""
3671,I think it's impossible for Tom.,আমার মনে হয় টমের পক্ষে এটা অসম্ভব।
2088,Why are you yelling?,আপনি চিৎকার করছেন কেন?
187,I'm lost.,আমি হারিয়ে গেছি।
1251,I'm pretty sure.,আমি মোটামুটি নিশ্চিত।
124,Who ran?,কে দৌড়ালেন?
4228,What time does the train for New York depart?,নিউ ইয়র্কের ট্রেনটা কটার সময় ছাড়ে?
1284,It's time to go.,এবার যেতে হবে।
3989,Do you understand what I want to say?,আমি কী বলতে চাইছি আপনি বুঝতে পারছেন?
288,I'll talk.,আমি কথা বলব।
130,You run.,তোমরা দৌড়াও।
1407,Your time is up.,তোমার সময় শেষ।
639,Tom saw you.,টম তোমাকে দেখলো।
1979,I have lost my keys.,আমি আমার চাবি হারিয়ে ফেলেছি।
317,See below.,নীচে দেখুন।
531,Don't fight.,লড়াই কোরো না।
886,She got angry.,ইনি রেগে গেছিলেন।
2072,What does that mean?,ওটার মানে কী?
2198,The rules are simple.,নিয়মগুলো সহজ।
2907,He's sleeping like a baby.,উনি বাচ্চাদের মত ঘুমাচ্ছেন।
2760,Do you have a pen on you?,তোমার কাছে একটা পেন হবে?
1075,What do you do?,তোমরা কি কর?
1522,My father smokes.,আমার বাবা ধূমপান করে।
866,It isn't mine.,এটা আমার নয়।
2862,What's your home address?,তোমার বাড়ির ঠিকানাটা কী?
1121,Don't open that.,ওটা খুলো না।
2181,My father is at home.,আমার বাবা বাড়িতে।
117,We lost.,আমরা হেরে গেছিলাম।
618,They yelled.,তাঁরা চেঁচালেন।
430,I saw them.,আমি তাদের দেখতে পেলাম।
2040,This is my daughter.,এটা আমার মেয়ে।
3536,Would you like to come inside?,আপনি কি ভেতরে আসবেন?
1318,She is a doctor.,সে একজন ডাক্তার।
3514,Tom earns twice as much as me.,টম আমার থেকে দ্বিগুন আয় করে।
3046,I can't attend the meeting.,আমি সভাতে উপস্থিত থাকতে পারব না।
3674,I would never have guessed that.,আমি কখনই এটা আন্দাজ করতে পারতাম না।
1500,I'm able to swim.,আমি সাঁতার কাটতে সক্ষম।
1336,They all talked.,ওনারা সবাই কথা বললো।
3160,I can swim across the river.,আমি নদি সাঁতরে পার হতে পারি।
1316,She is a doctor.,তিনি একজন ডাক্তার।
3179,I don't want to go with Tom.,আমি টমের সঙ্গে যেতে চাই না।
2443,Winning is never easy.,জেতাটা কখনোই সহজ নয়।
2301,He's eating lunch now.,সে এখন লাঞ্চ করছে।
3759,I would like you to come with me.,আমি চাই আপনারা আমার সাথে আসুন।
2533,Is Tom still mad at me?,টম কি এখনো আমার উপর রেগে আছে?
3915,The market is next to the pharmacy.,বাজারটা ডাক্তারখানার পাশে।
1253,I'm quite tired.,আমি বেশ ক্লান্ত।
1008,Is this enough?,এটা কি যথেষ্ট?
1661,I lost my luggage.,আমি আমার মালপত্র হারিয়ে ফেলেছি।
964,Everybody paid.,সবাই টাকা দিলো।
375,Don't come.,আসিস না।
2240,You don't understand.,আপনি বোঝেন না।
2763,Do you know what he said?,আপনি কি জানেন ও কী বললো?
2552,She can speak Japanese.,উনি জাপানি বলতে পারেন।
1341,They don't care.,এরা পরোয়া করে না।
2491,He went to the dentist.,উনি দাঁতের ডাক্তারের কাছে গেছিলেন।
279,I am well.,আমি ভালো আছি।
3809,He decided not to go to the party.,ও পার্টিতে না যাওয়াই ঠিক করলো।
2865,What's your phone number?,তোমার ফোন নাম্বারটা কী?
1348,They're doctors.,তারা ডাক্তার।
809,Eat something.,কিছু খান।
4283,This project will take at least a year to finish.,এই প্রকল্পটা শেষ হতে আরো অন্তত এক বছর লাগবে।
889,She is eating.,তিনি খাচ্ছেন।
3904,Nowadays nobody believes in ghosts.,এখনকার দিনে কেউই ভুতে বিশ্বাস করে না।
2982,Tom wanted to talk to you.,টম আপনার সাথে কথা বলতে চেয়েছিল।
2515,I need those documents.,আমার ওই কাগজপত্রগুলো দরকার।
2891,Do you have your passport?,আপনার কাছে কি আপনার পাসপোর্টটা আছে?
662,You fainted.,তুমি অজ্ঞান হয়ে গেছিলে।
1798,I agree completely.,আমি পুরোপুরি একমত।
4171,Why don't you try to take your money back?,আপনি আপনার টাকাটা ফেরত নেওয়ার চেষ্টা করছেন না কেন?
2174,I'm not very patient.,আমি খুব একটা ধৈর্যশীল নই।
1029,Stop screaming.,চিৎকার করা বন্ধ করুন।
1758,Where's the knife?,ছুৃরিটা কোথায়?
2562,The rain lasted a week.,বৃষ্টিটি এক সপ্তাহ ধরে চলেছিল।
2426,What have you brought?,আপনি কী এনেছেন?
1515,Is this your car?,এটা কি তোর গাড়ি?
603,Is that all?,অার কিছু?
3710,Where is the Australian embassy?,অস্ট্রেলীয় দূতাবাসটা কোথায়?
2372,She has two daughters.,ওনার দুটো মেয়ে আছে।
3342,Why do you want to meet Tom?,তুমি টমের সঙ্গে কেন দেখা করতে চাও?
2342,I've finished my work.,আমি আমার কাজ শেষ করেছি।
2054,Tom rushed upstairs.,টম দৌড়ে উপরে গেলো।
1659,I have two nieces.,আমার দুটো ভাইঝি আছে।
4294,Tom is one of the most generous people I ever met.,টম আমার দেখা সবচেয়ে উদার মানুযদের মধ্যে একজন।
325,Stay here.,এখানে দাঁড়াও।
3247,It was entirely Tom's fault.,এটা পুরোপুরিই টমের দোষ ছিলো।
85,Hit Tom.,টমকে মারো।
1841,Is this seat taken?,এই আসনটা কি নেওয়া হয়ে গেছে?
2956,Someone started screaming.,কেউ চিৎকার শুরু করলো।
3599,Spanish is her native language.,স্প্যানিশ ওনার মাতৃভাষা।
2453,Can you play the piano?,তুমি পিয়ানো বাজাতে পার?
4333,"I'm really hungry, but I can't decide what I want to eat.","আমার খুব খিদে পেয়েছে, কিন্তু আমি ঠিক করতে পারছি না কি খাব।"
2929,I don't care what he does.,ও কী করে না করে আমি তা কেয়ার করি না।
3779,She's asking how that's possible.,ইনি জিজ্ঞাসা করছেন এটা কি করে সম্ভব।
4152,"I can speak Chinese, but I can't write it.","আমি চাইনিজ বলতে পারি, কিন্তু আমি লিখতে পারি না।"
704,I'll be late.,আমার দেরী হবে।
2812,Salt is used to thaw ice.,বরফ গলাবার জন্য নুন ব্যাবহার করা হয়।
2093,Why are you yelling?,তোমরা চিৎকার করছো কেন?
3803,Do you think Tom wants to eat now?,আপনার কি মনে হয় টম এখন খেতে চায়?
2752,Can I change the channel?,আমি কি চ্যানেলটা পালটাতে পারি?
1725,Tom coughed again.,টম আবার কাশলো।
2436,Where are your things?,আপনাদের জিনিসপত্র কোথায়?
1489,I know your name.,আমি তোমাদের নাম জানি।
2050,Tom is in the house.,টম বাড়ির ভেতরে আছে।
2545,My son came to my room.,আমার ছেলে আমার ঘরে এসেছিল।
1082,Are those yours?,সেইগুলো কি আপনার?
936,Tom's yelling.,টম চিৎকার করছে।
1139,He was speaking.,তিনি কথা বলছিলেন।
2457,Did you see him go out?,তুমি কি ওনাকে বেড়িয়ে যেতে দেখেছো?
4125,Can you recommend a good hotel in Boston?,আপনি বস্টনে কোনো ভাল হোটেলের সুপারিশ করতে পারবেন?
168,I can go.,আমি যেতে পারি।
2793,I heard three explosions.,আমি তিনটে বিস্ফোরণের আওয়াজ শুনলাম।
1160,I booked a seat.,আমি একটা আসন সংরক্ষণ করলাম।
2285,Everybody ran outside.,সবাই বাইরে দৌড়ে গেলেন।
1924,Who are those guys?,ওনারা কারা?
3543,You can eat whatever you like.,তোমার যা ইচ্ছে তাই খেতে পারো।
4026,"Tom is tall, but not as tall as I am.","টম লম্বা, কিন্তু আমার মতো লম্বা নয়।"
2840,Tom kept interrupting me.,টম আমাকে বারবার বাধা দিচ্ছিল।
3299,Tom used to play the guitar.,টম গীটার বাজাতো।
3750,I know Tom was a friend of yours.,আমি জানি টম তোমার বন্ধু ছিল।
523,Did Tom eat?,টম কি খেয়েছে?
2623,Everybody's ready to go.,সকলেই যাওয়ার জন্য তৈরি।
1041,They're inside.,ওরা ভেতরে আছে।
2629,Have you ever done that?,আপনি কখনো ওটা করেছেন?
4023,Tom has been to Boston several times.,টম অনেকবার বস্টন গেছেন।
3842,My neighbor's name is Tom Jackson.,আমার প্রতিবেশীর নাম টম জ্যাকসন।
806,Don't call me.,আমাকে ডাকবেন না।
1911,What are you doing?,আপনারা কী করছেন?
4098,I am proud to be a part of this project.,আমি এই প্রকল্পের একটি অংশ হয়ে গর্বিত।
410,I have one.,আমার একটা আছে।
2663,I fell in love with him.,আমি তার প্রেমে পড়ে গেলাম।
1087,Are you doctors?,আপনারা কি ডাক্তার?
3084,This river is deepest here.,এই নদীটা এইখানে সবথেকে গভীর ।
3390,How much is the entrance fee?,প্রবেশমূল্য কত?
688,He got angry.,ও রেগে গেছিলো।
3471,I am looking for a good hotel.,আমি একটা ভাল হোটেল খুঁজছি।
3174,I don't want Tom to find me.,আমি চাই না টম আমাকে খুঁজে পাক।
1144,Here's your key.,এই নিন আপনার চাবি।
2968,Tom has his own apartment.,টমের নিজস্ব আ্যপার্টমেন্ট আছে।
3554,French is not an easy language.,ফরাসি সহজ ভাষা নয়।
4145,When were potatoes introduced into Japan?,জাপানে কবে থেকে আলুর প্রবর্তন হয়ছিল?
2263,Do you have a vacancy?,আপনাদের কি ঘর খালি আছে?
2877,You can't lift the piano.,আপনি পিয়ানোটা তুলতে পারবেন না।
4231,A lot of English words are derived from Latin.,ইংরাজির অনেক শব্দ লাতিন থেকে উৎপন্ন হয়েছে।
3074,My son is taller than I am.,আমার ছেলে আমার থেকে লম্বা।
409,I got sick.,আমি অসুস্থ হয়ে পরেছিলাম।
2811,Please speak more loudly.,অনুগ্রহ করে আরেকটু জোরে কথা বলুন।
1591,What's your name?,তোর নাম কি?
1783,Get away from here.,এখান থেকে চলে যাও।
989,I said nothing.,আমি কিছুই বলিনি।
520,Are we done?,হয়ে গেছে?
1317,She is a doctor.,ও একজন ডাক্তার।
4295,Tom shouldn't have gone out after dark by himself.,টমের অন্ধকারের মধ্যে একলা একলা বেড়ানো উচিৎ হয় নি।
2573,Tom is still in Boston.,টম এখনো বস্টনে রয়েছে।
3031,Don't forget to invite Tom.,টমকে আমন্ত্রন জানাতে ভুলো না।
2924,I can't bend my right arm.,আমি আমার ডান হাতটা মুড়তে পারছি না।
2774,How could they forget us?,ওরা আমাদের কী করে ভুলে যেতে পারে?
605,It can't be!,হতেই পারে না!
4238,It's not always so easy to do the right thing.,সঠিক জিনিসটা করা সবসময় অত সহজ হয় না।
3532,Where are you going on Monday?,সোমবার তুমি কোথায় যাচ্ছো?
2662,I fell in love with him.,আমি ওনার প্রেমে পড়ে গেলাম।
3193,I just want Tom to be happy.,আমি খালি চাই টম সুখে থাকুক।
4357,This tape recorder will make it easier for us to learn English.,এই টেপ রেকর্ডারটা আমাদের ইংরাজি শেখা সহজ করে দেবে।
514,Who's that?,ওটা কে?
1963,Football is a sport.,ফুটবল একটা খেলা।
2903,He taught me how to write.,ও আমাকে লিখতে শিখিয়েছে।
2512,I have three daughters.,আমার তিনটে মেয়ে আছে।
3007,Would you like to come in?,তোমরা কি ভেতরে আসবে?
3033,Eat whatever food you like.,আপনাদের যে খাবার পছন্দ হয় সেটা খান।
3880,Did you go anywhere for the summer?,আপনি কি গরমে কোথাও গেছিলেন?
463,She smiled.,সে হাঁসলো।
1544,The ball was wet.,বলটা ভেজা ছিলো।
1314,She is a doctor.,ইনি একজন ডাক্তার।
671,Can you read?,তুমি পড়তে পারো?
2679,I've forgotten her name.,আমি ওনার নাম ভুলে গেছি।
1850,My father is frank.,আমার বাবা খোলামেলা।
3821,I haven't downloaded the file yet.,আমি এখনো ফাইলটা নামাইনি।
631,Tom left me.,টম আমাকে ছেড়ে চলে গিয়েছিল।
2979,Tom told me all about you.,টম আপনার ব্যাপারে আমাকে সব বলেছে।
3254,My father is going to China.,আমার পিতা চীনে যাচ্ছেন।
606,It may snow.,বরফ পরতে পারে।
4,Run!,পালান!
416,I like him.,আমি ওকে পছন্দ করি।
2548,No one man could do it.,কোনো একজন মানুষ এটা করতে পারবে না।
3885,Do you understand what he's saying?,ও যা বলছে আপনি কি তা বুঝতে পারছেন?
2482,He is having lunch now.,ও এখন লাঞ্চ করছে।
2951,Nobody suspected anything.,কেউই কিছু সন্দেহ করেনি।
1735,Tom slept outside.,টম বাইরে ঘুমালো।
509,Who is she?,উনি কে?
1300,Nothing's there.,ওখানে কিছুই নেই।
4340,"I'd like to do it, but unfortunately I don't have the time.","আমার এটা করার ইচ্ছা রয়েছে, কিন্তু দুর্ভাগ্যক্রমে আমার হাতে সময় নেই।"
3404,I'd like to change my ticket.,আমি আমার টিকিটটি পালটাতে চাই।
2205,This is Tom's sister.,এই হচ্ছে টমের দিদি।
3121,You are always complaining.,তোমরা সবসময় অভিযোগ কর।
17,Attack!,আক্রমণ!
3670,I suddenly feel very much alone.,আমার এখনই খুব একলা লাগছে।
4307,How could you leave a four-year-old child all alone?,তুমি কি করে একটা চার বছর বয়সের বাচ্চাকে একলা ফেলে রেখে যেতে পারো?
3703,What did you do with my luggage?,আপনি আমার মলপত্রটা কি করলেন?
4341,"Tom and Mary were alone in the hall, talking to each other.","টম আর মেরি হলে একলা ছিলো, নিজেদের মধ্যে কথা বলছিলো।"
3231,I'd like you to talk to Tom.,আমার ইচ্ছা যে আপনি টমের সঙ্গে কথা বলেন।
3415,May I have your phone number?,আমি কি আপনার ফোন নাম্বারটি পেতে পারি?
2538,It's October the third.,তেশরা অক্টোবর।
872,Look at these.,এগুলোর দিকে দেখো।
743,Tom has time.,টমের হাতে সময় আছে।
2358,My baggage is missing.,আমার মালপত্র পাওয়া যাচ্ছে না।
1890,Tom has a blue car.,টমের একটা নীল গাড়ি আছে।
2547,My throat is a bit dry.,আমার গলাটা একটু শুকিয়ে গেছে।
3909,She accompanied me to the hospital.,উনি আমার সঙ্গে হাসপাতালে গেছিলেন।
2248,Your answer is wrong.,আপনার উত্তর ভুল।
1686,My father is here.,আমার বাবা এখানে আছেন।
885,She got angry.,উনি রেগে গেছিলেন।
517,You called?,আপনি ফোন করেছিলেন?
3018,At what time does it close?,এটা কটার সময় বন্ধ হয়?
2510,I don't want you to go.,আমি চাই না যে তুই যাস।
1598,Who did Tom bite?,টম কাকে কামড়েছে?
1973,I am eating noodles.,আমি নুডলস খাচ্ছি।
3910,She accompanied me to the hospital.,সে আমার সঙ্গে হাসপাতালে গেছিল।
3268,Thirteen people were killed.,তেরোজন লোক নিহত হয়েছেন।
3115,Where's the ticket counter?,টিকিট কাউন্টারটা কোথায়?
3883,Do you mind my sitting next to you?,আমি তোর পাশে বসলে কিছু মনে করবি?
3469,How many nights will you stay?,আপনারা কত রাত্রি থাকবেন?
9,Stop!,থামুন!
2550,School begins tomorrow.,ইস্কুল কালকে শুরু হবে।
2712,They have two daughters.,তাঁদের দুটো মেয়ে আছে।
1044,This is my dog.,এটা আমার কুকুর।
1129,Everyone saw it.,সবাই সেটা দেখেছিলো।
3477,I haven't done this for years.,আমি এটা অনেক বছর ধরে করিনি।
399,He coughed.,উনি কাশলেন।
1790,He lives near here.,তিনি কাছাকাছিই থাকেন।
2225,We're both named Tom.,আমাদের দুজনের নামই টম।
1190,I see something.,আমি কিছু একটা দেখতে পাচ্ছি।
536,Forgive Tom.,টমকে ক্ষমা করে দাও।
177,I waited.,আমি অপেক্ষা করলাম।
3763,I'm getting off at the next stop.,আমি পরের স্টপে নেবে যাব।
3282,Tom doesn't want to see you.,টম আপনার সঙ্গে দেখা করতে চায় না।
1971,How old is this zoo?,এই চিড়িয়াখানাটার বয়স কত?
3072,My father drives very well.,আমার বাবা খুব ভাল গাড়ি চালাতে পারে।
3245,I've never seen Tom happier.,আমি টমকে এর থেকে খুশি কখনো দেখিনি।
1845,Keep an eye on Tom.,টমের উপর নজর রাখুন।
4093,Have you ever heard Tom speaking French?,আপনি কি কখনো টমকে ফরাসিতে কথা বলতে শুনেছেন?
751,Tom screamed.,টম চিৎকার করলো।
2690,May I see your passport?,আমি কি আপনার পাসপোর্টটি দেখতে পারি?
3354,Buddhism originated in India.,বৌদ্ধধর্মের উৎপত্তি ভারতে।
2656,I don't know the answer.,আমি উত্তরটা জানিনা।
587,"I went, too.",আমিও গেছিলাম।
1197,I totally agree.,আমি একদম একমত।
1618,Are you all right?,আপনি ঠিক আছেন তো?
293,I'm right.,আমিই ঠিক।
2090,Why are you yelling?,তুমি চেঁচাচ্ছো কেন?
2658,I don't want it anymore.,আমার আর এটা দরকার নেই।
4107,The servants' screams awakened everyone.,চাকরগুলোর চিৎকার সবাইকে জাগিয়ে দিলো।
479,Tom saw it.,টম এটা দেখলো।
3608,This product was made in China.,এই পন্যটি চায়নায় তৈরি।
2056,Tom screamed loudly.,টম জোরে চেঁচালো।
54,Get Tom.,টমকে আনুন।
2103,Are your hands clean?,তোমার হাত কি পরিষ্কার?
3137,Do you want to learn French?,তুমি কি ফরাসি শিখতে চাও?
873,My back hurts.,আমার পিঠ ব্যাথা করছে।
2954,She got sick this weekend.,গত সপ্তাহের শেষের দিকে উনি অসুস্থ হয়ে পরেছিলেন।
690,He is eating.,তিনি খাচ্ছেন।
4183,Nothing that Tom does surprises me anymore.,টমের কোন কাজ‌ই এখন আমাকে অবাক করে না।
945,Where are you?,তুমি কোথায়?
3242,I've learned a lot from you.,আমি আপনার থেকে অনেক কিছু শিখেছি।
1631,Everybody is here.,সবাই এখানে আছেন।
2665,I finally found my keys.,আমি অবশেষে আমার চাবিগুলো পেয়েছি।
1229,I'm coming back.,আমি ফিরে আসছি।
2015,It looks appetizing.,এটা দেখে মুখরোচক বলে মনে হচ্ছে।
3605,This house is my grandfather's.,এই বাড়িটা আমার দাদুর।
941,We're winning.,আমরা জিতছি।
3236,I'm genuinely happy for Tom.,আমি প্রকৃতই টমের জন্য খুশি হয়েছি।
418,I like him.,আমার ওনাকে ভালো লাগে।
2827,Three people were killed.,তিনজন নিহত হয়েছেন।
4027,Tom told me he wants to go to Boston.,টম আমাকে বললো যে সে বস্টন যেতে চায়।
1977,I don't like coffee.,আমর কফি ভালো লাগে না।
3507,Tom always keeps his promises.,টম সবসময় ওনার কথা রাখেন।
2231,Who would believe me?,আপনি কাকে বিশ্বাস করবেন?
4018,The terrorists released the hostages.,আতঙ্কবাদীরা বন্দিদের ছেড়ে দিলো।
3094,Tom was humiliated by Mary.,টম মেরি দ্বারা অপদস্ত হয়েছিলো।
145,Get lost!,যাও এখান থেকে!
4309,People should understand that the world is changing.,মানুষের বোঝা উচিৎ যে পৃথিবী বদলাচ্ছে।
2688,Mary decorated the cake.,মেরি কেকটা সাজালো।
1949,Can he speak French?,সে কি ফরাশি ভাষা বলতে পারে?
1378,Tom's screaming.,টম চেঁচাচ্ছে।
1741,What does it cost?,এর দাম কত?
3443,We both know that's not true.,আমরা দুজনেই জানি যে সেটা সত্যি নয়।
1484,I heard a scream.,আমি একটা চিৎকার শুনলাম।
1926,Why can't you come?,তুমি আসতে পারবে না কেন?
2654,I do not understand you.,আমি আপনার কথা বুঝতে পারছি না।
3303,Tom wanted to know the time.,টম সময় জানতে চেয়েছিল।
138,Call Tom.,টমকে ডাকো।
3445,We have to move very quickly.,আমাদেরকে খুব তাড়াতাড়ি চলতে হবে।
225,Tell Tom.,টমকে বলো।
1566,Tom laughs a lot.,টম খুব হাসে।
1512,Is the lake deep?,হ্রদটা কি খুব গভীর?
680,Good evening.,শুভ সন্ধ্যা।
2661,I don't want to eat now.,আমি এখন খেতে চাই না।
3758,I would like you to come with me.,আমি চাই আপনি আমার সাথে আসুন।
2671,I want something to eat.,আমি কিছু খেতে চাই।
2172,I'm not feeling well.,আমার শরীর ভালো লাগছে না।
2067,"Well, see you later.","আচ্ছা, আবার পরে দেখা হবে।"
1998,I'm not a bit tired.,আমি একটুও ক্লান্ত নই।
1215,I'll call first.,আমি আগে ফোন করবো।
494,Tom's sick.,টমের অসুখ হয়েছে।
3733,He doesn't want to talk about it.,ও এই বিষয় কথা বলতে চায় না।
3169,I don't know who killed Tom.,টমকে কে মেরেছে আমি জানি না।
134,You won.,তুমি জিতলে।
3559,He is actually not the manager.,উনি আসলে ম্যানেজারই নন।
2702,She knows where we live.,তিনি জানেন আমরা কোথায় থাকি।
656,What's that?,সেটা কী?
4260,"Tom kept knocking on the door, but nobody came.","টম বারবার দরজায় ধাক্কা দিলেন, কিন্তু কেউ বেরোলো না।"
2308,How much does it cost?,এটার দাম কত?
554,I can dance.,আমি নাচতে পারি।
2694,Nobody is indispensable.,কেউই অপরিহার্য নয়।
1775,Drink up your milk.,তোর দুধটা খেয়ে নে।
3059,"I'd like a receipt, please.",অনুগ্রহ করে একটা রিসিট দেবেন।
3484,I went to the Jacksons' house.,আমি জ্যাকসনদের বাড়ি গিয়েছিলাম।
98,"Me, too.",আমিও।
2873,You can eat all you want.,তুমি যত ইচ্ছে তত খেতে পা্রো।
3938,Could you reduce the price a little?,আপনি কি দামটা একটু কমাতে পারবেন?
3990,Do you understand what I want to say?,আমি যা বলতে চাইছি আপনি কি তা বুঝতে পারছেন?
2133,He has two daughters.,ওনার দুটো মেয়ে আছে।
2574,Tom is still in prison.,টম এখনো গারদে।
519,Are we done?,আমাদের কি হয়ে গেছে?
3148,How old is your grandfather?,আপনার ঠাকুরদার বয়স কত?
349,We'll win.,আমরাই জিতব।
3744,How far is the airport from here?,এয়ারপোর্ট কত দুর এখান থেকে?
4343,Tom thought that the amulet would protect him from witches.,টম ভাবলেন যে তাবিজটা ওনাকে ডাইনিদের হাত থেকে বাঁচাবে।
1559,Tom coughs a lot.,টম খুব কাশে।
3296,Tom seemed happy to see you.,টম আপনাকে দেখে খুশি বলে মনে হচ্চে।
1458,Here is your key.,এই নাও তোমাদের চাবি।
3755,I tried to swim across the river.,আমি নদীটা সাঁতরে পার হওয়ার চেষ্টা করলাম।
3547,"Can you gift-wrap this, please?",এটা কি একটু গিফট-র‍্যাপ করে দিতে পারবেন?
694,Hold my hand.,আমার হাতটা ধরো।
3334,What's the admission charge?,প্রবেশমূল্য কত?
4372,I heard they found a skeleton buried in the basement of a house on Park Street.,আমি শুনলাম যে তাঁরা পার্ক স্ট্রিটের একটা বাড়ির ভিতের মধ্যে থেকে একটা কঙ্কাল পেয়েছেন।
2438,Where can I buy books?,আমি বই কোথা থেকে কিনতে পারব?
2306,How much do I owe you?,আপনি আমার কাছ থেকে কত পাবেন?
3561,How do you pronounce this word?,এই শব্দটির উচ্চারণ কী?
3579,I'd like to stay for one night.,আমি এক রাতের জন্য থাকতে চাই।
2609,Can I take a look at it?,আমি কি এটা একটু দেখেতে পারি?
422,I love you.,আমি তোমাকে ভালবাসি।
3195,I need a box about this big.,আমার একটা এই রকম বড় বাক্স দরকার।
3485,I'd like a first-class ticket.,আমার একটা প্রথম শ্রেণীর টিকিট চাই।
2369,Nobody understands me.,আমাকে কেউ বোঝে না।
3463,Do you understand what I mean?,আমি কী বলতে চাইছি তুমি বুঝতে পারছো?
4377,"I thought doing this would be easy, but we've been working all day and we're still not finished.","আমি ভেবেছিলাম এটা করা সহজ হবে, কিন্তু আমরা সারাদিন ধরে কাজ করেছি আর এখনো শেষ করে উঠতে পারিনি।"
3560,How do you pronounce this word?,এই শব্দটির উচ্চারণ কিভাবে করতে হয়?
1018,My name is Tom.,আমার নাম টম।
3427,The museum is closed Sundays.,জাদুঘরটা রবিবার বন্ধ থাকে।
3406,I'm catching the 11:00 train.,আমি ১১ঃ০০টার ট্রেনটা ধরতে যাচ্ছি।
1871,That's a good idea!,খুব ভাল বুদ্ধি!
3234,"I'm a little busy here, Tom.","টম, আমি এখানে একটু ব্যস্ত আছি।"
3818,I had a horrible dream last night.,কাল রাতে আমি একটা বীভৎস স্বপ্ন দেখেছি।
2396,Tom died last October.,টম গত অক্টোবর মারা গেছে।
1793,He lives near here.,ও কাছাকাছিই থাকে।
556,I don't cry.,আমি কাঁদি না।
1831,I'm ready to begin.,আমি শুরু করার জন্য তৈরি।
2955,She got sick this weekend.,গত সপ্তাহের শেষের দিকে ও অসুস্থ হয়ে পরেছিলো।
658,Who are you?,আপনি কে?
2373,She's my older sister.,ও আমার দিদি।
640,Tom saw you.,টম আপনাদের দেখলো।
2753,Can I pay by credit card?,আমি কি ক্রেডিট কার্ড দিয়ে দাম দিতে পারি?
59,Go away!,চলে যাও!
3200,I thought Tom was in danger.,আমি ভেবেছিলাম টম বিপদে পরেছে।
342,Watch Tom.,টমের উপর নজর রাখুন।
769,We're inside.,আমরা ভেতরে আছি।
748,Tom saw them.,টম তাদের দেখলো।
2885,Could you show Tom around?,আপনি কি টমকে চারপাশটা দেখিয়ে আনতে পারবেন?
4017,Tell Tom that I'm still in a meeting.,টমকে বলুন যে আমি এখনও মিটিংএ রয়েছি।
1930,Why did this occur?,এটা কেনো ঘটলো?
594,I'm dancing.,আমি নাচছি।
2770,Don't you have a bicycle?,আপনার কি সাইকেল নেই?
1521,My father is out.,আমার বাবা বাইরে।
3603,This can't wait until tomorrow.,এটা আগামীকাল অবধি অপেক্ষা করতে পারবে না।
2353,Keep Tom away from me.,টমকে আমার থেকে দূরে রাখো।
4048,I know a store where you can buy that.,আমি একটা দোকান চিনি যেখান থেকে তুমি ওইটা কিনতে পারবে।
620,Tom frowned.,টম ভ্রূকুটি করলো।
2398,Tom grew up in Boston.,টম বস্টনে বড়ো হয়েছে।
693,Hold my hand.,আমার হাতটা ধরুন।
322,Sign here.,এখানে সই করুন।
365,You drive.,আপনিই চালান।
2297,He hasn't arrived yet.,সে এখনো এসে পৌছায়নি।
3730,He doesn't want to talk about it.,ইনি এই বিষয় কথা বলতে চান না।
1620,Call the hospital.,হাসপাতালে ফোন করুন।
2870,"You can dance, can't you?","আপনি নাচতে পারেন, তাই না?"
1543,That's my sister.,ওটা আমার বোন।
2565,This is very good soil.,এটা খুব ভালো মাটি।
2206,This will cost €30.,এটার দাম পড়বে €৩০।
3011,You need a new girlfriend.,তোমার এখন একটা নতুন বান্ধবী চাই।
4055,She has very nice-looking handwriting.,ওনার হাতের লেখা দেখতে খুব সুন্দর।
295,I'm sorry.,ক্ষমা করবেন।
2849,We will be at home today.,আমরা আজ বাড়িতেই থাকব।
3408,I'm sorry I kept you waiting.,আমাকে ক্ষমা করবেন আমি আপনাকে অপেক্ষা করিয়ে রেখেছিলাম।
691,He is eating.,সে খাচ্ছে।
3119,You are always complaining.,তুমি সবসময় অভিযোগ কর।
3540,You can eat anything you want.,আপনার যেটা ইচ্ছে হয় সেটা খেতে পারেন।
111,Tom ran.,টম দৌড়াল।
741,This is mine.,এটা আমার।
1354,Tom came inside.,টম ভেতরে এলো।
1161,I can manage it.,আমি এটা সামলে নিতে পারি।
290,I'm broke.,আমি দেউলিয়া হয়ে গেছি।
1053,Tom lives here.,টম এখানে থাকে।
3344,You must show your passport.,আপনাকে পাসপোর্ট দেখাতে হবে।
1830,I'm reading it now.,আমি সেটা এখন পড়ছি।
4021,Tom came back to Boston last October.,টম গত অক্টোবর বস্টনে ফিরে এসেছে।
2351,Just try to keep calm.,একটু শান্ত থাকার চেষ্টা কর।
2129,Have you finished it?,তোমাদের ওটা করা হয়ে গেছে?
1133,Give Tom a kiss.,টমকে একটা চুমু দিন।
2400,Tom is very religious.,টম খুব ধার্মিক।
1657,I have a headache.,আমার মাথা ধরেছে।
2866,Where can I buy a ticket?,আমি টিকিট কোথা থেকে কিনতে পারব?
2584,We can finish it later.,আমরা এটা পরেও শেষ করতে পারি।
114,Wake up.,ঘুম থেকে ওঠ।
346,We forgot.,আমরা ভুলে গেলাম।
2878,Your book is on the desk.,তোমার বই ডেস্কের উপর রয়েছে।
3686,Our native language is Japanese.,আমাদের মাতৃভাষা জাপানী।
3610,Those roses are very beautiful.,ওই গোলাপ ফুলগুলো খুব সুন্দর।
2739,What time does it close?,কটার সময এটা বন্ধ হয়?
86,Hit Tom.,টমকে মার।
2038,They were all happy.,ওনারা সবাই খুশি ছিলেন।
3613,Tom hardly ever keeps his word.,টম খুব কমই ওর কথা রাখে।
3403,I'd like to cancel my ticket.,আমি আমার টিকিটটি বাতিল করতে চাই।
3182,I don't want to talk to Tom.,আমি টমের সঙ্গে কথা বলতে চাই না।
3640,Do you have Japanese newspapers?,আপনার কাছে কি জাপানী খবরের কাগজ আছে?
1662,I saw him running.,আমি তাকে দৌড়াতে দেখেছিলাম।
