,Unnamed: 0,Source,Target,Prediction
0,2776,How could they forget us?,ওনারা আমাদের কী করে ভুলে যেতে পারেন?,টম যা ছাড়া করে কি করে না। <e>
1,2568,Tom hardly ever laughs.,টম খুব কম হাসে।,টম খুব লাঞ্চ করলো। <e>
2,4294,Tom is one of the most generous people I ever met.,টম আমার দেখা সবচেয়ে উদার মানুযদের মধ্যে একজন।,টম আমার সঙ্গে টম আর করে আমি <e> <e>
3,2185,Now listen carefully.,এবার মন দিয়ে শোনো।,সবাই একজন স্ত্রী। <e>
4,2638,How much does that cost?,ওটার দাম কত?,এই বয়স কত? <e>
5,1514,Is this your car?,এটা কি তোমার গাড়ি?,এটা কি আপনার আছে? <e>
6,4248,How long does it take from here to the station?,এখান থেকে স্টেশন যেতে কতক্ষণ লাগে?,ওটা থেকে আমার টম থেকে না। <e>
7,3874,Algebra is a branch of mathematics.,বীজগণিত গণিতের একটা শাখা।,এটা একটা খুব আছে? <e>
8,366,You drive.,তুমি চালাও।,আপনি চিৎকার <e>
9,664,Anybody home?,বাড়িতে কেউ আছেন?,আমাদের কি <e> <e>
10,3776,Our train leaves at eight-thirty.,আমাদের ট্রেন আটটা তিরিশে ছাড়বে।,আমরা একটা সময় সময় লাগছে। <e>
11,930,Tom's injured.,টম আহত।,টম চিৎকার <e> <e>
12,1400,What was inside?,ভেতরে কী ছিলো?,এই কী কত? <e>
13,3351,"She likes music. ""So do I.""","ও সঙ্গীত ভালোবাসে। ""আমিও।""",উনি একজন করতে নয়। <e>
14,3765,I've told you so a hundred times.,আমি তোমাকে এটা একশবার বলেছি।,আমি টমকে এটা আছে। চাই। <e>
15,4243,What is the distance from here to the station?,এখান থেকে স্টেশনের দূরত্ব কতটা?,এটা থেকে খুব সময় চাই। <e>
16,1382,We didn't do it.,আমরা করিনি।,আমরা এখানে কত? <e> <e>
17,77,He runs.,ও দৌড়ায়।,তিনি <e> <e>
18,3037,"Fill out this form, please.",অনুগ্রহ করে এই ফর্মটি পূরণ করুন।,অনুগ্রহ করে ইচ্ছে না মনে <e> <e>
19,4206,What time does the train arrive at Yokohama?,ট্রেনটা কটার সময় ইয়োকোহামা পৌঁছায়?,টম কি সময় সময় লাগছে। <e>
20,2813,She is a reliable person.,উনি একজন বিশ্বাসযোগ্য মানুষ।,উনি একজন বয়স কত? <e>
21,1527,Nobody remembers.,কেউ মনে রাখে না।,কেউ কথা কথা না। <e>
22,2292,He can speak Japanese.,উনি জাপানি বলতে পারেন।,তিনি ফল বলতে পারেন। <e>
23,1008,Is this enough?,এটা কি যথেষ্ট?,এটা কি আপনার <e>
24,4028,Tom usually goes to bed at ten-forty.,টম সাধারণত দশটা চল্লিশ নাগাদ শুতে যায়।,টম আর জন্য টম থেকে করে না। <e>
25,2100,Your shoes are here.,আপনার জুতোগুলো এখানে রয়েছে।,আপনার বয়স এখানে আছে? <e>
26,2681,I've forgotten his name.,আমি তার নাম ভুলে গেছি।,আমি তার নাম আছে। না। <e>
27,3995,He doesn't eat anything except fruit.,উনি ফল ছাড়া অন্য কিছু খান না।,উনি ফল ছাড়া আর বলতে খায় না। <e>
28,4129,He doesn't eat anything other than fruit.,ও ফল ছাড়া অন্য কিছু খায় না।,উনি ফল ছাড়া আর বলতে খায় না। <e>
29,3758,I would like you to come with me.,আমি চাই আপনি আমার সাথে আসুন।,আমি চাই সঙ্গে টম সঙ্গে চাই। <e>
30,165,Hurry up.,তাড়াতাড়ি করো।,কি কোথায়? <e>
31,3173,I don't think Tom likes you.,আমার মনে হয় না টম আপনাকে পছন্দ করে।,আমার মনে হয় না করতে কি করতে পারবেন? <e>
32,4291,The same thing happened three years ago in Boston.,ঠিক একই ঘটনা বস্টনে তিন বছর আগে ঘটেছিলো।,এটা একটা জন্য জন্য আর করে আমি <e> <e>
33,860,I'm screaming.,আমি চেঁচাচ্ছি।,আমি চিৎকার <e>
34,3993,He doesn't eat anything except fruit.,সে ফল ছাড়া অন্য কিছু খায় না।,উনি ফল ছাড়া আর বলতে খায় না। <e>
35,1287,Let's talk here.,এখানে কথা বলা যাক।,আমার কথা কথা না। <e>
36,2207,Tom and I were alone.,আমি আর টম একলা ছিলাম।,টম আমাকে সঙ্গে কথা করলাম। <e>
37,1869,She's eating fruit.,ও ফল খাচ্ছে।,সে ফল <e> <e>
38,442,I'm inside.,আমি ভেতরে।,আমি এখানে <e>
39,2466,Don't underestimate us.,আমাদেরকে কোন অংশে কম মনে কোরো না।,টমের যা কথা কথা মনে না। না। <e>
40,4095,He didn't want to talk about it anymore.,উনি আর এই ব্যপারে কোনো কথা বলতে চান না।,উনি ফল সঙ্গে এটা বলতে করে না। <e>
41,1620,Call the hospital.,হাসপাতালে ফোন করুন।,কী <e> <e> <e>
42,1732,Tom isn't at home.,টম বাড়িত নেই।,টম এখনো দেখলো। <e>
43,3786,They haven't done anything wrong.,ওনারা কোনো ভুল কিছু তো করেননি।,টমের এখানে খুব কথা করতে <e> <e>
44,1378,Tom's screaming.,টম চেঁচাচ্ছে।,টম চিৎকার <e>
45,560,I feel good.,আমার ভাল লাগছে।,আমার এখানে গেছি। <e>
46,467,Stay there.,ওখানেই থাকো।,আমাদের <e> <e>
47,1034,That's rubbish.,ওসব ভুলভাল।,এটা <e> <e>
48,21,Got it!,ধরেছি!,কে <e>
49,1636,Everyone is tired.,সবাই পরিশ্রান্ত।,সবাই চিৎকার <e>
50,2714,"This is my sister, Mary.","এটা আমার বোন, মেরি।",এটা আমার থেকে কত? <e>
51,843,I wanted this.,আমার এটা প্রয়োজন ছিলো।,আমি এটা পছন্দ <e>
52,2688,Mary decorated the cake.,মেরি কেকটা সাজালো।,ওটা কি <e> <e>
53,239,Tom lost.,টম হেরে গেলো।,টম <e> <e> <e>
54,4006,I don't think we'll have enough time.,আমার মনে হয় না আমরা যথেষ্ট সময় পাবো।,আমার মনে হয় টম আমাকে কি করতে <e> <e>
55,1108,Close that door.,ওই দরজাটা বন্ধ করুন।,এটা কি না। <e>
56,3402,I want to deposit some money.,আমি কিছু টাকা জমা করতে চাই।,আমি একটা এটা সময় সঙ্গে চাই। <e>
57,4240,There is no way I'm letting you do this alone.,আমি কোনমতেই এটা তোমাকে একলা করতে দেবো না।,টম খুব সঙ্গে টম থেকে করে বলতে পারবেন? <e>
58,4022,Tom has been crying almost every day.,টম প্রায় প্রত্যেক দিন কেঁদেছে।,টম আর জন্য সময় <e> <e>
59,1393,We've seen them.,আমরা ওনাদেরকে দেখেছি।,আমরা এখানে দেখলো। <e>
60,1009,It was raining.,বৃষ্টি পড়ছিল।,এটা একজন কত? <e>
61,1542,That bag is mine.,ওই ব্যাগটি আমার।,এই বয়স <e> <e>
62,405,I can read.,আমি পড়তে পারি।,আমি এখানে গেছি। <e>
63,3427,The museum is closed Sundays.,জাদুঘরটা রবিবার বন্ধ থাকে।,ওটা কি কি কত? <e> <e>
64,2842,Tom now knows everything.,টম এখন সবকিছুই জানে।,টম এখন নাম কত? <e>
65,1754,Where do you live?,আপনি কোথায় থাকেন?,আপনি কী নিয়ে <e>
66,2297,He hasn't arrived yet.,সে এখনো এসে পৌছায়নি।,উনি এখনো লাঞ্চ করলো। <e>
67,208,Sit down!,বস!,চুপ <e>
68,3393,I don't like to drink coffee.,আমার কফি খেতে ভালো লাগে না।,আমার টমকে হয় কথা না। না। <e>
69,1317,She is a doctor.,ও একজন ডাক্তার।,তিনি একজন ডাক্তার। <e>
70,288,I'll talk.,আমি কথা বলব।,আমি কথা <e> <e>
71,156,He spoke.,ও বললো।,তিনি কে? <e>
72,2799,I'll stay here until ten.,আমি এখানে দশটা অবধি থাকবো।,আমি টমের খুব কথা চাই। <e>
73,1005,Is he a doctor?,তিনি কি ডাক্তার?,সে কি এখানে <e>
74,3877,"Could you call again later, please?",আপনি কি অনুগ্রহ করে পরে আবার ফোন করতে পারবেন?,আপনি কি কি করে আর করে বলতে পারবেন? <e>
75,396,Forget him.,তাকে ছাড়ুন।,ওটা কোথায়? <e>
76,3719,You ought to ask him for advice.,আপনার তাকে পরামর্শের জন্য জিজ্ঞাসা করা উচিৎ।,আপনার ওনাকে জন্য থেকে থেকে করে না। <e>
77,713,It's too low.,খুব নিচু।,এটা খুব স্ত্রী। <e>
78,1547,There's no doubt.,কোনো সন্দেহ নেই।,নিজেকে করা না। <e>
79,763,We apologize.,আমরা ক্ষমা চাইছি।,আমরা এখানে <e> <e>
80,4360,This is like fighting someone with one arm tied behind your back.,এটা ঠিক যেন এক হাত পিছোনে বেঁধে কারুর সাথে লড়াই করার মতো ব্যপার।,এই একটা আমার সময় কি করে <e> <e>
81,895,She's my wife.,ইনি আমার স্ত্রী।,তিনি আমার স্ত্রী। <e>
82,3069,It seems interesting to me.,এটা আমার কাছে আকর্ষণীয় মনে হচ্ছে।,এটা আমার আমার সময় <e> <e> <e>
83,795,Any questions?,কোন প্রশ্ন আছে?,আমার কথা করো। <e> <e>
84,3017,At what time does it close?,কটার সময এটা বন্ধ হয়?,ওটা জন্য সময় সময় ছিলো। <e>
85,2855,What does this sign mean?,এই চিহ্নটির অর্থ কী?,এই নিন নাম কী? <e>
86,539,He can come.,সে আসতে পারে।,তিনি রেগে না। <e>
87,3727,Do you live in this neighborhood?,তুমি কি এই পাড়াতেই থাকো?,আপনি কি কি সময় <e> <e>
88,3694,Tom and Mary are happy together.,টম আর মেরি একসঙ্গে সুখি।,টম আর খুব সময় চাই। <e>
89,4014,It has happened at least three times.,এরকম অন্তত তিনবার ঘটেছে।,এই করে কি কী? <e>
90,28,I'm 19.,আমার ১৯ বছর বয়স।,আমার কথা <e> <e>
91,1476,I am only joking.,আমি খালি মজা করছি।,আমি খুব নিয়ে আছে। <e>
92,3524,Tom used to be scared of dogs.,টম কুকুরকে ভয় পেতো।,টম একটা আপনার কথা <e> <e>
93,1590,What's your name?,তোমার নাম কি?,তোমার বয়স <e> <e>
94,1884,Tom began to shout.,টম চিৎকার করতে শুরু করলো।,টম চিৎকার শুরু করলো। <e> <e>
95,3148,How old is your grandfather?,আপনার ঠাকুরদার বয়স কত?,তোমার বয়স বয়স কত? <e>
96,3560,How do you pronounce this word?,এই শব্দটির উচ্চারণ কিভাবে করতে হয়?,এই মধ্যে কি কী? <e>
97,4131,He doesn't eat anything other than fruit.,তিনি ফল ছাড়া অন্য কিছু খান না।,উনি ফল ছাড়া আর বলতে খায় না। <e>
98,2349,Just try to keep calm.,একটু শান্ত থাকার চেষ্টা করো।,এই কি আমার সময় করতে <e>
99,3691,There are too many things to do!,প্রচুর কাজ করার আছে!,ওটা একটু নিয়ে <e> <e>
100,3070,It's absolutely impossible.,এটা একেবারে অসম্ভব।,এটা আমার কত? <e>
101,3971,Turn right at the next intersection.,পরের মোড়টায় ডানদিকে বেঁকে যাবেন।,ওই থেকে জন্য সময় থাকি। <e>
102,3207,I want three pairs of socks.,আমার তিন জোরা মোজা চাই।,আমার এখন খুব করতে চাই। <e>
103,2946,It's quarter to eight now.,এখন পৌনে আটটা বাজে।,ওটা একটা নাম আছে। <e>
104,1280,It's quite good.,এটা বেশ ভালো।,এটা খুব স্ত্রী। <e>
105,2707,Take us to the hospital.,আমাদেরকে হাসপাতালে নিয়ে যান।,এটা একটা নাম <e>
106,3319,Tom was such a happy person.,টম কত সুখি মানুষ ছিল।,টমের খুব খুব সময় <e> <e>
107,2815,She was raised in France.,ও ফ্রান্সে বড়ো হয়েছে।,উনি এখনো মেয়ে আছে। <e>
108,882,Send me there.,আমাকে ওখানে পাঠান।,আমাকে কথা করো। <e>
109,694,Hold my hand.,আমার হাতটা ধরো।,আমার বাবা গেছি। <e>
110,1199,I want a guitar.,আমার গীটার চাই।,আমার একটা গেছি। <e> <e>
111,2136,He's younger than me.,সে আমার থেকে ছোট।,সে আমার থেকে ছোট। <e>
112,1568,Tom slapped Mary.,টম মেরিকে চর মারলো।,টম এখানে নিয়ে করলো। <e>
113,3247,It was entirely Tom's fault.,এটা পুরোপুরিই টমের দোষ ছিলো।,এটা কি আমার হয়ে <e> <e>
114,3614,Tom hardly ever keeps his word.,টম খুব কমই ওনার কথা রাখেন।,টম খুব সঙ্গে কথা করতে চাই। <e>
115,4087,"Will you show me your passport, please?",অনুগ্রহ করে আপনার পাসপোর্টটি দেখাবেন?,অনুগ্রহ করে আপনার আছে? লাগছে। <e>
116,3798,Christmas is just a few days away.,ক্রীস্টমাস আর কয়েকদিন দূরে।,আমরা এখন খুব আছে। <e>
117,106,Tell me.,আমাকে বল।,আমাকে <e> <e>
118,3985,"Do you speak German? ""No, I don't.""","তুমি কি জার্মান বলতে পারো? ""না, আমি পারি না।""",আপনি কি আমার না আর করে আমি পারবেন? <e> <e>
119,2908,He's sleeping like a baby.,ইনি বাচ্চাদের মত ঘুমাচ্ছেন।,তিনি এখন নাম আছে। <e>
120,712,Is Tom there?,টম কি ওখানে আছে?,টম কি এখানে আছে? <e>
121,2334,I'm reading your book.,আমি তোমার বইটা পড়ছি।,আমি আপনার নাম নই। <e>
122,356,Who is he?,ও কে?,তিনি কে? <e>
123,1490,I like astrology.,আমার জ্যোতিষ ভালো লাগে।,আমি এখানে পছন্দ করি। <e>
124,1085,Are we prepared?,আমরা কি প্রস্তুত আছি?,আমরা কি <e> <e>
125,1796,He's a good person.,তিনি ভালো মানুষ।,তিনি একজন কত? <e>
126,2234,Why are you shouting?,তুমি চিৎকার করছো কেন?,আপনি চিৎকার বলতে <e>
127,616,They yelled.,ওরা চেঁচালো।,তারা চিৎকার <e>
128,1543,That's my sister.,ওটা আমার বোন।,ওটা আমার স্ত্রী। <e>
129,1603,You may go there.,তুমি ওখানে যেতে পার।,আপনি ওখানে বলতে পারেন। <e>
130,2687,Keep an eye on the door.,দরজার দিকে নজর রাখ।,ওটা একজন বয়স আছে। <e>
131,2489,He was giving a speech.,সে বক্তৃতা দিচ্ছিলো।,উনি রেগে স্ত্রী। <e>
132,2662,I fell in love with him.,আমি ওনার প্রেমে পড়ে গেলাম।,আমি তার নাম বন্ধ চাই। <e>
133,4110,Tom is watching a movie on his computer.,টম তার কম্পিউটারে চলচ্চিত্র দেখছে।,টম আমার থেকে সময় চাই। <e>
134,7,Help!,বাঁচাও!,আমার <e> <e>
135,583,I want time.,আমার সময় চাই।,আমার এখানে গেছি। <e>
136,2137,He's younger than me.,এ আমার থেকে ছোট।,সে আমার থেকে ছোট। <e>
137,1144,Here's your key.,এই নিন আপনার চাবি।,এই নিন আপনার আছে? <e>
138,831,I did my work.,আমি আমার কাজ করলাম।,আমি আমার নাম আছে। <e>
139,2628,Have you ever done that?,আপনি কখনো সেটা করেছেন?,আপনি কখনো বলতে হয়ে <e>
140,1379,Wait over there.,ওইখানে অপেক্ষা করুন।,আমি একজন <e> <e>
141,693,Hold my hand.,আমার হাতটা ধরুন।,আমার বাবা গেছি। <e>
142,2268,Don't delude yourself.,নিজেকে বিভ্রান্ত করবেন না।,নিজেকে না। না। না। <e>
143,1677,Is that your book?,ওটা কি আপনার বই?,ওটা কি আপনার আছে? <e>
144,2107,Can you speak French?,তোমরা কি ফরাসি ভাষা বলতে পারো?,আপনি কি ফরাসি ভাষা বলতে <e>
145,2452,You'll never be alone.,তুই কখনো একা থাকবি না।,আপনি কি বলতে করতে না। <e>
146,3459,"Could you repeat that, please?",আপনি কি অনুগ্রহ করে আর একবার বলতে পারবেন?,আপনি কি কি করে কি করে বলতে পারবেন? <e>
147,2845,Tom thinks you're stupid.,টম মনে করে আপনি নির্বোধ।,টম আমাকে কথা কথা <e> <e>
148,243,Try hard.,আরও চেষ্টা করো।,অনুগ্রহ চেষ্টা করো। <e>
149,832,I exaggerated.,আমি বাড়িয়ে বললাম।,আমি এখানে গেছি। <e>
150,1043,This is my bag.,এটা আমার ব্যাগ।,এটা আমার স্ত্রী। <e>
151,966,Get some sleep.,একটু ঘুমিয়ে নিন।,এই নিন আপনার <e>
152,3975,What time does the next train leave?,পরের ট্রেনটা কটার সময় ছাড়ে?,ওটা থেকে সময় সময় ছিলো। <e>
153,1177,I haven't slept.,আমি ঘুমাইনি।,আমি চিৎকার <e> <e>
154,4188,Tom will arrive in Boston tomorrow morning.,টম আগামীকাল সকালে বস্টনে পৌছাবে।,টম একটা খুব সময় চাই। <e>
155,3100,We need to leave right now.,আমাদের এখনি বেরানো উচিত।,আমাদের খুব নিয়ে কত? <e>
156,4177,You've known Tom a lot longer than I have.,আপনি টমকে আমার থেকে অনেক বেশী দিন ধরে চেনেন।,আপনি কি আমার টম আর কি করতে আর না। <e>
157,392,Forget him.,ওনাকে ছাড়ুন।,ওটা কোথায়? <e>
158,1716,This is her house.,এটা ওর বাড়ি।,এটা আমার কত? <e>
159,3372,Have you ever visited Boston?,আপনি কি কখনো বস্টন দেখতে গেছেন?,আপনি কি আমার ভাষা কি <e> <e>
160,1816,I heard you scream.,আমি তোমাকে চেঁচাতে শুনলাম।,আমি এখানে কাজ করি। <e> <e>
161,3531,Where are you going on Monday?,সোমবার আপনি কোথায় যাচ্ছেন?,এই জন্য জন্য কী? <e>
162,2089,Why are you yelling?,তুমি চিৎকার করছো কেন?,আপনি চিৎকার বলতে <e>
163,2563,"The sooner, the better.","যত তাড়াতাড়ি হয়, তত ভালো।",ওটা জন্য খুব সময় থাকি। <e>
164,804,Do come again.,আবার আসবে কিন্তু।,অনুগ্রহ বয়স কত? <e>
165,3580,I'm looking for a mango to eat.,আমি একটা আম খুঁজছি খাওয়ার জন্য।,আমি একটা নাম আছে। <e>
166,1335,These are birds.,এইগুলো পাখি।,কী কোথায়? <e>
167,3421,Please look after my luggage.,দয়া করে আমার মলপত্রটা দেখবেন।,টমের করে আমার কথা লাগছে। <e>
168,536,Forgive Tom.,টমকে ক্ষমা করে দাও।,টমকে কথা করে <e> <e>
169,1875,They seem American.,তাদের দেখে আমেরিকান বলে মনে হচ্ছে।,অনুগ্রহ দেখে কথা কথা মনে <e> <e>
170,632,Tom saw her.,টম তাকে দেখলো।,টম এখানে দেখলো। <e>
171,2016,Let's give it a try.,আমরা একবার চেষ্টা করেই দেখি!,এটা একটা বয়স কত? <e>
172,1908,What are you doing?,আপনি কী করছেন?,আপনি কী বলতে <e>
173,3780,She's asking how that's possible.,তিনি জিজ্ঞাসা করছেন এটা কি করে সম্ভব।,সে ফল সঙ্গে কথা কি করে না। <e>
174,1096,Bring it closer.,ওটাকে কাছে নিয়ে আসুন।,টমের কাছে থেকে কত? <e>
175,3806,Few people understood his comment.,কম লোকই ওনার মন্তব্য বুঝতে পারলেন।,টমের দেখে খুব সময় বলতে আছে। <e>
176,483,Tom winked.,টম চোখ মারলো।,টম বাবা দেখলো। <e>
177,553,I came back.,আমি ফিরে এলাম।,আমি এখানে গেছি। <e>
178,952,You look sick.,তোমাকে অসুস্থ বলে মনে হচ্ছে।,অনুগ্রহ করে খুব কথা মনে <e>
179,4312,Is there any possibility that he'll win the election?,উনি যে নির্বাচনটা জিতবেন তেমনকি কোনো সম্ভাবনা আছে?,উনি যা আমার টম আর করে বলতে পারবেন? <e>
180,3823,I met a guy named Tom in the park.,আমার পার্কে টম নামে একজনের সঙ্গে দেখা হলো।,আমি একটা জন্য সময় চাই। <e>
181,3654,He did not work on Sunday night.,উনি রবিবার রাতে কাজ করেন নি।,উনি টমের সঙ্গে টম বলতে আছে। <e>
182,1484,I heard a scream.,আমি একটা চিৎকার শুনলাম।,আমি একটা কাজ <e> <e>
183,1048,Tom is wounded.,টম আহত হয়েছে।,টম চিৎকার <e> <e>
184,3720,You ought to ask him for advice.,আপনার ওকে পরামর্শের জন্য জিজ্ঞাসা করা উচিৎ।,আপনার ওনাকে জন্য থেকে থেকে করে না। <e>
185,1526,No one will know.,কেউ জানতে পারবে না।,সবাই দুটো কথা আছে। <e>
186,33,Really?,সত্যি?,তুমি <e>
187,886,She got angry.,ইনি রেগে গেছিলেন।,তিনি রেগে গেছিলেন। <e>
188,2929,I don't care what he does.,ও কী করে না করে আমি তা কেয়ার করি না।,আমার কী কথা না করে কি তা আর না। <e> <e>
189,174,I stayed.,আমি থাকলাম।,আমি চেষ্টা <e> <e>
190,3052,I forgot your phone number.,আমি আপনার ফোন নাম্বারটা ভুলে গেছি।,আমি আপনার ফোন নাম্বারটা ভুলে না। <e>
191,491,Tom's hurt.,টম আহত।,টম কথা <e> <e>
192,3245,I've never seen Tom happier.,আমি টমকে এর থেকে খুশি কখনো দেখিনি।,আমি টমকে সঙ্গে টম করতে না। <e>
193,638,Tom saw you.,টম আপনাকে দেখলো।,টম এখানে দেখলো। <e>
194,2567,Tom continued speaking.,টম কথা বলতে থাকলো।,টম কথা কথা <e> <e>
195,1598,Who did Tom bite?,টম কাকে কামড়েছে?,টম খুব কত? <e>
196,601,Is Tom home?,টম কি বাড়িতে আছে?,টম কি এখানে আছে? <e>
197,3972,We can't sleep because of the noise.,আওয়াজের জন্য আমরা ঘুমাতে পারছি না।,আমরা জন্য সঙ্গে সময় করতে না। <e>
198,3417,My son is studying economics.,আমার ছেলে অর্থনীতি পড়ছে।,আমার বাবা খুব টম না। <e>
199,266,Birds fly.,পাখি ওড়ে।,কী না। <e>
200,2087,Who is your teacher?,তোমাদের শিক্ষক কে?,তোমার বয়স <e> <e>
201,2724,Tom resigned in October.,টম অক্টোবরে পদত্যাগ করেছে।,টম এখানে শুরু করলো। <e>
202,2882,Can you recommend a hotel?,আপনি কোনো হোটেল সুপারিশ করতে পারবেন?,আপনি কাছে সঙ্গে করতে বলতে <e> <e>
203,1002,I've remarried.,আমি আবার বিয়ে করেছি।,আমি এটা কাজ করি। <e>
204,1225,I'll work alone.,আমি একলা কাজ করবো।,আমি এখানে কাজ না। <e>
205,2661,I don't want to eat now.,আমি এখন খেতে চাই না।,আমি এখন নাম গ্রহণ না। <e>
206,357,Who is he?,সে কে?,তিনি কে? <e>
207,3295,Tom may not want to do that.,টম ওটা নাও করতে চাইতে পারে।,টম খুব সঙ্গে কথা না। না। <e>
208,2393,Tom continued yelling.,টম চিৎকার করতেই থাকলো।,টম চিৎকার দেখলো। <e>
209,3745,"I am not a doctor, but a teacher.","আমি ডক্তার নই, আমি শিক্ষক।",আমি একটা সঙ্গে টম <e> <e>
210,3951,I lost my key somewhere around here.,আমি এই কাছাকাছির মধ্যেই কোথাও আমার চাবি হারিয়ে ফেলেছি।,আমি এই না টম সঙ্গে চেষ্টা করতে না। <e>
211,823,How old is he?,ওর বয়স কত?,তোমার বয়স কত? <e>
212,1119,Doesn't it work?,এটা কাজ করে না?,এটা কি থেকে কী? <e>
213,1093,Ask again later.,আবার পরে জিজ্ঞাসা কোরো।,টমকে সবাই নিয়ে না। <e>
214,4001,How can I get to the hospital by bus?,আমি বাসে করে হাসপাতালে কিভাবে যাব?,আমি থেকে জন্য থেকে থেকে <e>
215,3696,Tom has decided to keep a diary.,টম একটা ডাইরি রাখার কথা ঠিক করেছেন।,টম আমাকে সঙ্গে কথা করতে না। না। <e>
216,3612,Tom hardly ever keeps his word.,টম খুব কমই তাঁর কথা রাখেন।,টম খুব সঙ্গে কথা করতে চাই। <e>
217,833,I feel hungry.,আমার খিদে পাচ্ছে।,আমার কথা করো। <e>
218,4316,What time does the shuttle bus leave for the airport?,শাটেল বাসটা এয়ারপোর্টের জন্য কটার সময় ছাড়ে?,আমরা কি কি সময় আর করে না। <e>
219,2165,I want an MP3 player!,আমার একটা MP3 প্লেয়ার চাই!,আমার একটা খুব টম চাই। <e>
220,3875,Bangkok is the capital of Thailand.,ব্যাঙকক থাইল্যান্ডের রাজধানী।,কী কোথায়? না। <e>
221,542,He can read.,ও পড়তে পারে।,তিনি এখানে না। <e>
222,2229,Which floor is it on?,সেটা কোন তলায়?,ওটা কি আপনার <e>
223,270,Don't cry.,কেঁদো না।,কী না। <e>
224,2726,Tom still lives at home.,টম এখনো বাড়িতেই থাকে।,টম আমার লাঞ্চ নয়। <e>
225,3778,She's asking how that's possible.,উনি জিজ্ঞাসা করছেন এটা কি করে সম্ভব।,সে ফল সঙ্গে কথা কি করে না। <e>
226,3712,Would you like to eat something?,তুমি কি কিছু খাবে?,তুমি কি ফরাসি ভাষা <e>
227,1895,Tom keeps his word.,টম ওনার কথা রাখেন।,টম আমার কথা করলো। <e>
228,853,I'm Tom's mom.,আমি টমের মা।,আমি এখানে দেখলো। <e>
229,121,Who ate?,কে খেয়েছেন?,কে <e> <e>
230,1772,Does Tom help Mary?,টম কি মেরিকে সাহায্য করে?,টম কি আপনার আছে? <e> <e>
231,3058,I was scared half to death.,আমি ভয়ে অর্ধেক হয়ে গেছিলাম।,আমি এখন জন্য হয়ে চাই। <e>
232,2795,I lost your phone number.,আমি তোমার ফোন নাম্বারটা হারিয়ে ফেলেছি।,আমি আপনার ফোন নাম্বারটা ভুলে না। <e>
233,2869,Would you like some more?,আর একটু নিবি?,কী একটু নিয়ে <e>
234,1632,Everybody laughed.,সবাই হাসল।,সবাই <e> <e>
235,3019,Can you dance to this song?,আপনি কি এই গানে নাচতে পারবেন?,আপনি কি সঙ্গে সময় আর করে আছে? <e>
236,1194,I totally agree.,আমি সম্পুর্ণ একমত।,আমি বাইরে গেছি। <e>
237,3303,Tom wanted to know the time.,টম সময় জানতে চেয়েছিল।,টম খুব লাঞ্চ না। <e>
238,1625,Do you understand?,তুমি কি বুঝতে পারছো?,আপনি কি বলতে <e>
239,1966,He was very patient.,উনি খুব ধৈর্যশীল ছিলেন।,সে খুব বয়স আছে। <e>
240,235,Tom died.,টম মারা গেলো।,টম চিৎকার দেখলো। <e>
241,318,She walks.,উনি হাঁটেন।,তিনি চিৎকার <e>
242,526,Don't argue.,তর্ক করবেন না।,কী না। না। <e>
243,3487,I'm not very good at swimming.,আমি সাঁতারে খুব একটা ভালো নই।,আমি চাই খুব টম করতে চাই। <e>
244,4126,"Could you write down the address, please?",আপনি কি দয়া করে ঠিকানাটা লিখে দিতে পারবেন?,আপনি কি আমার করে আর করে বলতে পারবেন? <e>
245,2483,He knows where we live.,উনি জানেন আমরা কোথায় থাকি।,সে এই খুব কোথায় থাকি। <e>
246,4331,"When will you be back? ""It all depends on the weather.""","আপনি কখন ফিরবেন? ""সবকিছুই আবহাওয়ার উপর নির্ভর করছে।""",আপনি কাছে সময় সময় আর করে বলতে পারবেন? <e>
247,2413,Tom taught me to read.,টম আমাকে পড়তে শিখিয়েছে।,টম আমাকে খুব করলো। <e>
248,1995,I'm going to scream.,আমি চিৎকার করতে যাচ্ছি।,আমি এখানে গেছি। <e>
249,987,I like noodles.,আমি নুডলস পছন্দ করি।,আমি এটা পছন্দ করি। <e>
250,1458,Here is your key.,এই নাও তোমাদের চাবি।,এই নিন আপনার আছে? <e>
251,1652,I don't blame you.,আমি আপনাকে দোষ দিচ্ছি না।,আমি আমার সঙ্গে করতে না। <e>
252,1813,I have two nephews.,আমার দুটো ভাগ্না আছে।,আমার দুটো মেয়ে আছে। <e>
253,1343,They don't care.,ওনারা পরোয়া করে না।,তারা কথা করে না। <e>
254,3907,Please deposit the money in a bank.,অনুগ্রহ করে টাকাটা ব্যাঙ্কে জমা করুন।,টমের করে হয় টম আর করে না। <e> না। <e>
255,157,He spoke.,তিনি বললেন।,তিনি কে? <e>
256,1261,I've heard that.,আমি সেটা শুনেছি।,আমি এখানে গেছি। <e>
257,3123,You ought to see a dentist.,আপনার একজন দাঁতের ডাক্তার দেখানো উচিৎ।,আপনার জন্য আমার সময় থেকে <e> <e>
258,1854,My stomach is full.,আমার পেট ভর্তি।,আমার বাবা <e> <e>
259,2968,Tom has his own apartment.,টমের নিজস্ব আ্যপার্টমেন্ট আছে।,টমের আমাকে মেয়ে আছে। <e>
260,3167,I didn't want to insult Tom.,আমি টমকে অপমান করতে চাই নি।,আমি চাই খুব টম করতে না। <e>
261,2993,What is your phone number?,তোমার ফোন নাম্বারটা কী?,আপনার বয়স কি কী? <e>
262,3659,I believe he is coming tomorrow.,আমার বিশ্বাস ও আগামীকাল আসবে।,আমার বাবা খুব খেতে চাই। <e>
263,1827,I'm not hungry now.,আমার এখন খিদে পায় নি।,আমার এখন নিয়ে আছে। না। <e>
264,4325,People who live in glass houses shouldn't throw stones.,যারা কাঁচের ঘরে থাকে তাদের পাথর ছোড়া উচিত নয়।,উনি মধ্যে জন্য টম আর করে আমি <e> <e> <e>
265,367,Be careful.,সাবধানে।,কী <e>
266,2114,Do you understand me?,তুমি কি আমার কথা বুঝতে পারছ?,আপনি কি ফরাসি কথা বলতে <e>
267,1363,Tom is coughing.,টম কাশছে।,টম <e> <e>
268,615,They yelled.,ওনারা চেঁচালেন।,তারা চিৎকার <e>
269,613,They yelled.,ওরা চিৎকার করলো।,তারা চিৎকার <e>
270,858,I'm not proud.,আমি গর্বিত নই।,আমি এখানে <e> <e>
271,2761,Do you know what he said?,আপনি কি জানেন উনি কী বললেন?,আপনি কি ইচ্ছে হয় বলতে <e> <e>
272,4377,"I thought doing this would be easy, but we've been working all day and we're still not finished.","আমি ভেবেছিলাম এটা করা সহজ হবে, কিন্তু আমরা সারাদিন ধরে কাজ করেছি আর এখনো শেষ করে উঠতে পারিনি।",আমি চাই সঙ্গে টম আমাকে করতে আমি আর না। না। <e> <e>
273,1254,I'm ready to go.,আমি যাওয়ার জন্য তৈরি।,আমি টমকে খুব আছে। <e>
274,2027,She hasn't come yet.,তিনি এখনো আসেননি।,উনি এখনো স্ত্রী। <e>
275,2438,Where can I buy books?,আমি বই কোথা থেকে কিনতে পারব?,আমি কি আমার কথা করতে করে <e>
276,1444,He eats too much.,সে একটু বেশিই খায়।,তিনি তার বলতে করলো। <e>
277,253,What fun!,কি মজা!,টমকে কী <e>
278,1865,She wants to dance.,উনি নাচতে চান।,উনি রেগে না। <e>
279,3685,My watch isn't working properly.,আমার হাত-ঘড়িটা ঠিকমতো কাজ করছে না।,আমার বাবা আমার না না। না। <e>
280,611,They yelled.,তারা চিৎকার করলো।,তারা চিৎকার <e>
281,4373,Tom seemed quite surprised when he heard that Mary and John had gotten married.,টম যখন শুনলো যে মেরি আরে জন বিয়ে করেছে তখন তাকে দেখে বেশ অবাক মনে হয়েছিলো।,টম আর সঙ্গে টম সঙ্গে কিন্তু বলতে আর না। না। <e>
282,2960,The hospital is near here.,হাসপাতালটা আশেপাশেই আছে।,নিজেকে করা <e> <e>
283,3922,Tom held his breath for one minute.,টম এক মিনিট ধরে তার নিশ্বাস আটকে রাখলো।,টম আমাকে সঙ্গে টম আর করে বলতে <e> <e>
284,1862,Nobody was injured.,কেউ আহত হয়নি।,কেউ চিৎকার না। <e>
285,1115,Do you eat meat?,আপনি কি মাংস খান?,আপনি কি ফরাসি আছে? <e>
286,788,You go first.,আপনারা আগে যান।,আপনি কথা যাও। <e>
287,3260,She didn't tell me her name.,ও আমাকে ওর নাম বলেনি।,সে আমাকে খুব কোথায় চাই। <e>
288,791,You may swim.,সাঁতার কাটতে পার।,আমি একটু <e>
289,507,Who are we?,আমরা কারা?,আমরা একজন <e>
290,3398,I never listen to Tom anyway.,আমি এমনিতেও কখনও টমের কথা শুনি না।,আমি একটা সঙ্গে টম করতে চাই। না। <e>
291,2096,You look very tired.,আপনাকে দেখে খুব ক্লান্ত লাগছে।,অনুগ্রহ দেখে খুব না লাগছে। <e>
292,1548,They are doctors.,তারা ডাক্তার।,সবাই চিৎকার <e>
293,2049,Tom is 100% correct.,টম ১০০% ঠিক।,টম থেকে দেখলো। <e>
294,1553,They've got guns.,ওদের কাছে বন্দুক রয়েছে।,তোমার কাছে ইচ্ছে আছে? <e>
295,659,Who are you?,তুমি কে?,আপনি কে? <e>
296,1936,You can study here.,তুমি এখানে পড়াশোনা করতে পার।,আপনি এখানে বলতে করতে না। <e>
297,938,Was Tom there?,টম কি ওখানে ছিলো?,টম কি এখানে আছে? <e>
298,103,Take it.,এটা নিন।,এটা <e> <e>
299,3456,Close the door when you leave.,বেড়োবার সময় দরজাটা বন্ধ করে দিও।,এই মধ্যে থেকে সময় কি করে <e>
300,1423,Control yourself.,নিজেকে সামলাও।,নিজেকে করা <e> <e>
301,1406,Your time is up.,আপনার সময় শেষ।,তোমার বয়স কত? <e>
302,1639,Everyone screamed.,সবাই চেঁচালো।,সবাই চিৎকার <e>
303,980,How old is she?,ওর বয়স কত?,তোমার বয়স কত? <e>
304,3080,The rain continued all day.,বৃষ্টিটা সারাদিন ধরে চলেছিল।,এই কি কি কী? <e>
305,183,I'm full.,আমার পেট ভরতি হয়ে গেছে।,আমি <e> <e>
306,480,Tom sighed.,টম দীর্ঘশ্বাস ছাড়লো।,টম বাবা দেখলো। <e>
307,3316,Tom wants to speak with you.,টম আপনার সাথে কথা বলতে চায়।,টম আপনার সঙ্গে কথা বলতে <e> <e>
308,3341,Why do you want to meet Tom?,আপনি টমের সঙ্গে কেন দেখা করতে চান?,আপনি টমের সঙ্গে টম কি করে <e> <e>
309,1023,Nobody laughed.,কেউই হাসলো না।,কেউ <e> না। <e>
310,3912,She folded her handkerchief neatly.,উনি ওনার রুমালটা পরিপাটি করে ভাঁজ করলেন।,উনি তার বলতে করে করতে করে না। <e>
311,3631,Why do you want to leave today?,আপনারা আজকেই যেতে চাইছেন কেন?,আপনি যা ইচ্ছে হয়ে কেন? <e>
312,1554,This bag is mine.,এই ব্যাগটি আমার।,এই নিন <e> <e>
313,1757,Where will Tom go?,টম কোথায় যাবে?,টম খুব নিয়ে <e>
314,2838,Tom kept his eyes closed.,টম ওর চোখ বন্ধ রেখেছিল।,টম আমাকে করতে বন্ধ চাই। <e>
315,1940,You look very pale.,তোকে দেখে খুব ফ্যাকাশে লাগছে।,অনুগ্রহ দেখে খুব না লাগছে। <e>
316,1882,Times have changed.,সময় বদলে গেছে।,তোমার বয়স না। <e>
317,899,Speak clearly.,পরিষ্কার করে বলুন।,অনুগ্রহ করে <e> <e>
318,1741,What does it cost?,এর দাম কত?,এই বয়স <e> <e>
319,1942,Are you coming down?,আপনি কি নিচে আসবেন?,আপনি কি এখানে আছে? <e>
320,4363,Four hundred million people speak English as their first language.,চল্লিশ কোটি মানুষ তাদের প্রথম ভাষা হিসাবে ইংরেজী বলে।,ওটা মধ্যে আমার টম আর কি আমি <e> <e> <e>
321,2414,Tom teaches me French.,টম আমাকে ফরাসি শেখায়।,টম আমাকে ফরাসি করলো। <e>
322,1116,Do you eat meat?,আপনারা কি মাংস খান?,আপনি কি ফরাসি আছে? <e>
323,2266,Do you understand now?,তুমি কি এখন বুঝতে পারছো?,আপনি কি ফরাসি ভাষা <e> <e>
324,3177,I don't want to disturb Tom.,আমি টমকে বিরক্ত করতে চাই না।,আমি টমকে না টম করতে না। <e>
325,1183,I love football.,আমি ফুটবল ভালোবাসি।,আমি এখানে দেখলো। <e>
326,3882,Do you mind my sitting next to you?,আমি আপনার পাশে বসলে কিছু মনে করবেন?,আমি কি সঙ্গে টম আর করে <e>
327,662,You fainted.,তুমি অজ্ঞান হয়ে গেছিলে।,আপনি কথা করো। <e> <e>
328,1808,I give you my word.,আমি আপনাকে কথা দিলাম।,আমি আমার কথা না। <e>
329,2198,The rules are simple.,নিয়মগুলো সহজ।,কি না। <e> <e>
330,1517,Listen carefully.,মন দিয়ে শুনবেন।,ওটা কী না। <e>
331,2391,Tom also plays guitar.,টমও গীটার বাজায়।,আমার একটা <e>
332,2180,My father grows rice.,আমার বাবা ধান চাষ করে।,আমার বাবা কথা খেতে চাই। <e>
333,303,Leave Tom.,টমের কথা ছাড়ুন।,টমকে কথা করো। <e>
334,1329,Stop that woman.,ওই মহিলাটিকে আটকাও।,ওই কী <e> <e>
335,3838,My father is very good at fishing.,আমার বাবা মাছ ধরাতে খুব ভাল।,আমার বাবা খুব টম করতে চাই। <e>
336,657,What's this?,এটা কী?,এটা কোথায়? <e>
337,1366,Tom kicked Mary.,টম মেরিকে লাথি মারলো।,টম খুব নিয়ে করলো। <e>
338,2839,Tom kept his eyes closed.,টম ওনার চোখ বন্ধ রেখেছিলেন।,টম আমাকে করতে বন্ধ চাই। <e>
339,3238,I'm not proud of what I did.,আমি যা করেছি তাতে আমি গর্বিত নই।,আমি কি আমার টম কি করতে না। <e>
340,119,Who ate?,কে খেয়েছিলেন?,কে <e> <e>
341,265,Answer me.,উত্তর দাও।,আমার কথা <e>
342,3826,I spent twelve hours on the train.,আমি ট্রেনে বারো ঘন্টা কাটিয়েছি।,আমি আর খুব সময় চাই। <e>
343,1844,Keep an eye on Tom.,টমের উপর নজর রাখো।,টমের আমাকে আমার আছে? <e>
344,1128,Everyone saw it.,সবাই এটা দেখেছিলো।,সবাই এটা দেখলো। <e>
345,2528,I'd rather go swimming.,তার থেকে আমি সাঁতার কাটতে ষাব।,আমি এই খুব না না। না। <e>
346,3960,Patience is essential for a teacher.,একজন শিক্ষকের জন্য ধৈর্য্য অত্যাবশ্যক।,তোমার মধ্যে জন্য সময় করে <e>
347,3209,I want to ask you about Tom.,আমি আপনার কাছে টমের ব্যপারে জিজ্ঞাসা করতে চাই।,আমার টমকে আমার টম বলতে না। <e> <e>
348,1945,Aren't you a doctor?,তুমি ডাক্তার না?,আপনি কি ডাক্তার। <e>
349,692,He is eating.,ও খাচ্ছে।,তিনি কে? <e>
350,1837,Is this book Tom's?,এই বইটা কি টমের?,এই কি কি কী? <e>
351,3461,Do you understand what I mean?,আমি কী বলতে চাইছি আপনি বুঝতে পারছেন?,আমি কী বলতে চাইছি মনে কি তা <e>
352,401,He coughed.,তিনি কাশলেন।,তিনি <e> <e>
353,1729,Tom helped us win.,টম আমাদের জিততে সাহায্য করলো।,টম আমাকে সঙ্গে কথা না। <e>
354,3213,I want to be as tall as Tom.,আমি টমের মত লম্বা হতে চাই।,আমি চাই না টম করতে না। <e>
355,2530,I'm at the station now.,আমি এখন স্টেশনে।,আমি খুব দেখলো। <e>
356,2803,I'm really happy for Tom.,আমি টমের জন্য খুব খুশি।,আমি টমের খুব টম চাই। <e>
357,3797,Am I going in the right direction?,আমি কি ঠিক দিকেই যাচ্ছি?,আমি কি খুব খেতে <e> <e>
358,3634,You must take this cough syrup.,আপনাকে অতি অবশ্যই এই কাশির সিরাপটা খেতে হবে।,এই দেখে জন্য থেকে থেকে করে বলতে পারবেন? <e>
359,3280,Tom doesn't want to hear it.,টম এটা শুনতে চায় না।,টম এটা সঙ্গে কথা না। <e>
360,315,Pardon me?,কী বললে?,ওটা কোথায়? <e>
361,3533,Where can I buy that magazine?,আমি ওই পত্রিকাটা কোথা থেকে কিনতে পারব?,আমি একটা কি আমার থেকে করে <e> <e>
362,3108,What time do you go to bed?,তুমি কটার সময় ঘুমাতে যাও?,আপনি কি সময় সময় কেন? <e>
363,4230,What will you be doing at this time tomorrow?,কাল তুমি এই সময় কি করবে?,এই করে কি সময় কি <e> <e>
364,3164,I didn't know Tom had a dog.,আমি জানতাম না যে টমের একটা কুকুর ছিল।,আমি টমকে সঙ্গে টম সঙ্গে করে বলতে পারবেন? <e>
365,2590,We're going to eat now.,আমরা এখন খাবো।,আমরা এখন লাঞ্চ <e> <e>
366,2753,Can I pay by credit card?,আমি কি ক্রেডিট কার্ড দিয়ে দাম দিতে পারি?,আমি কি কি টম থেকে করতে বলতে পারবেন? <e>
367,1990,I wish I could swim.,আমি যদি সাঁতার কাটতে পারতাম।,আমি একটা নাম চাই চাই। <e>
368,3175,I don't want Tom to hate me.,আমি চাই না টম আমাকে ঘৃণা করুক।,আমি চাই সঙ্গে টম সঙ্গে করতে না। <e>
369,1853,My right leg hurts.,আমার ডান পা ব্যাথা করছে।,আমার বাবা আমার করছে। চাই। <e>
370,1332,That man is Tom.,ওই লোকটা টম।,এই আমার আপনার কী? <e>
371,4322,Tom said Mary had given him permission to leave early.,টম বলল যে মেরি তাকে তাড়াতাড়ি চলে যাওয়ার অনুমতি দিয়েছিল।,টম আর সঙ্গে টম আর কিন্তু আমি আর না। না। <e>
372,1495,I still love Tom.,আমি এখনো টমকে ভালোবাসি।,আমি আমার কাজ করি। <e>
373,502,We'll wait.,আমরা অপেক্ষা করব।,আমরা এখানে <e> <e>
374,2516,I received your letter.,আমি তোমার চিঠি পেয়েছি।,আমি তোমার নাম নই। <e>
375,975,He is a doctor.,এ একজন ডাক্তার।,তিনি একজন ডাক্তার। <e>
376,4313,My mother goes to the market every day to buy things.,আমার মা প্রত্যেকদিন বাজারে যায় জিনিস কিনতে।,আমার বাবা খুব টম থেকে চেষ্টা <e>
377,71,He came.,সে এসেছিলো।,তিনি চিৎকার <e>
378,3418,My stomach hurts after meals.,খাওয়ার পর আমার পেট ব্যাথা করে।,আমি কাছে আমার না বলতে না। <e>
379,2478,He has three daughters.,তাঁর তিনটে মেয়ে আছে।,উনি দুটো মেয়ে আছে। <e>
380,594,I'm dancing.,আমি নাচছি।,আমি <e> <e>
381,1466,How much is this?,এটা কত?,ওই বয়স কত? <e>
382,1825,I'm at the library.,আমি গ্রন্থাগারে।,আমি <e> <e>
383,3676,I'd like to withdraw some money.,আমি কিছু টাকা তুলতে চাই।,আমি একটা নাম বন্ধু চাই। <e>
384,3837,My father is always getting angry.,আমার বাবা সবসময় রেগে যান।,আমার বাবা মেয়ে খেতে চাই। <e>
385,1654,I don't deny this.,আমি এটা অস্বীকার করি না।,আমি এটা নাম আছে। না। <e>
386,2669,I missed the 7:00 train.,আমি ৭ঃ০০টার ট্রেনটা ধরতে পারিনি।,আমার খুব হয় <e> চাই। না। <e>
387,2484,He knows where we live.,তিনি জানেন আমরা কোথায় থাকি।,সে এই খুব কোথায় থাকি। <e>
388,3252,May I look at your passport?,আমি কি আপনার পাসপোর্টটি দেখতে পারি?,আমি কি আমার সময় কি পারি? <e>
389,2363,My mother loves music.,আমার মায়ের সঙ্গীত ভাল লাগে।,আমার বাবা কিছু তাই চাই। <e>
390,127,Who won?,কে জিতেছিল?,কে <e> <e>
391,499,We want it.,আমার এটা চাই।,আমরা এটা <e> <e>
392,176,I use it.,আমি এটা ব্যবহার করি।,আমি এটা কাজ করি। <e>
393,457,Never mind!,ছাড়!,তুমি <e>
394,4201,I was able to answer the question correctly.,আমি প্রশ্নটার সঠিক উত্তর দিতে পারিনি।,আমি একটা নাম সময় চাই। <e>
395,2269,Don't you forget that.,ওটা একদম ভুলবে না।,ওটা একজন নিয়ে না। <e>
396,36,Try it.,চেখে দেখুন।,টমকে <e> <e>
397,575,I need help.,আমার সাহায্য দরকার।,আমার কথা ব্যাথা <e> <e>
398,2548,No one man could do it.,কোনো একজন মানুষ এটা করতে পারবে না।,আমি মধ্যে জন্য <e> না। <e>
399,1627,Eat what you want.,আপনার যা চাই তাই খান।,আপনার যা ইচ্ছে হয় কেন? <e>
400,4140,The day after tomorrow is Tom's birthday.,আগামী পরশু টমের জন্মদিন।,এই মধ্যে আমার সময় <e> <e>
401,929,Tom's injured.,টম আহত হয়েছে।,টম চিৎকার <e> <e>
402,3978,Where is the entrance to the museum?,জাদুঘরে ঢোকার রাস্তাটি কোথায়?,এই বয়স কত? <e> <e>
403,782,You go first.,আপনি প্রথমে যান।,আপনি কথা যাও। <e>
404,1163,I could've died.,আমি মরে যেতে পারতাম।,আমি এখানে কাজ আছে। <e>
405,2891,Do you have your passport?,আপনার কাছে কি আপনার পাসপোর্টটা আছে?,আপনার কাছে কি সময় কেন? <e> <e>
406,1769,Can I have my keys?,আমি কি আমার চাবিটা পেতে পারি?,আমি কি আমার আমার ভুলে <e> <e>
407,1580,What did you say?,কী বললেন?,কী কোথায়? <e>
408,3494,My luggage hasn't arrived yet.,আমার মালপত্র এখনো এসে পৌঁছায়নি।,আমার বাবা নাম না। <e>
409,1843,It's not important.,এটি গুরুত্বপূর্ণ না।,টম <e> না। <e>
410,3658,I believe he is coming tomorrow.,আমার বিশ্বাস উনি আগামীকাল আসবেন।,আমার বাবা খুব খেতে চাই। <e>
411,1456,Here is your key.,এই নিন আপনার চাবি।,এই নিন আপনার আছে? <e>
412,4138,Some of my friends can speak French well.,আমার বন্ধুদের মধ্যে কেউ কেউ ভালো ফরাসি বলতে পারে।,এটা খুব আমার টম সঙ্গে করে কথা <e>
413,2846,Tom was standing outside.,টম বাইরে দাঁড়িয়েছিলো।,টম খুব শুরু করলো। <e>
414,433,I saw them.,আমি ওনাদের দেখতে পেলাম।,আমি এখানে কাজ আছে। <e>
415,3030,Does Tom understand French?,টম কি ফরাসি বোঝে?,টম কি ফরাসি আছে? <e>
416,3547,"Can you gift-wrap this, please?",এটা কি একটু গিফট-র‍্যাপ করে দিতে পারবেন?,আপনি কি বলতে করে বলতে করে বলতে <e> <e>
417,2303,How long did you stay?,আপনি কতক্ষণ ছিলেন?,আপনি বয়স বয়স <e>
418,2170,I'm not at all tired.,আমি একদমই ক্লান্ত নই।,আমি খুব নাম নই। <e>
419,3406,I'm catching the 11:00 train.,আমি ১১ঃ০০টার ট্রেনটা ধরতে যাচ্ছি।,আমি একটা খুব কোথায় চাই। <e>
420,4100,I don't know if I'll have time to do it.,আমি জানিনা এটা করার জন্য সময় পাব কি না।,আমি চাই না সময় আমাকে কি না। <e>
421,1200,I want that bag.,আমার ওই ব্যাগটা চাই।,আমার একটা নাম আছে। <e>
422,271,Go inside.,ভেতরে যান।,ওটা কোথায়? <e>
423,1334,These are Tom's.,এইগুলো টমের।,কী কোথায়? <e>
424,3788,Tom tried to keep away from Mary.,টম মেরির থেকে দূর থাকার চেষ্টা করছিলেন।,টম খুব থেকে টম করতে করে <e> <e>
425,3933,Wolves won't usually attack people.,নেকড়েরা সাধারণত মানুষদের আক্রমণ করে না।,এই একটা কি থেকে আর করে না। <e>
426,180,I'm busy.,আমি ব্যস্ত।,আমি <e> <e>
427,2558,Tell me which you want.,আপনার কোনটা দরকার আমাকে বলুন।,অনুগ্রহ করে ইচ্ছে করে <e> <e>
428,3866,Where can I buy a shirt like that?,ওই ধরনের একটা জামা কোথা থেকে কিনতে পারব?,আমি কি আমার সময় থেকে না। <e>
429,328,Tom tried.,টম চেষ্টা করলো।,টম চেষ্টা <e> <e>
430,974,He is a doctor.,সে একজন ডাক্তার।,তিনি একজন ডাক্তার। <e>
431,2331,I'm not proud of that.,আমি তাতে গর্বিত নই।,আমি একটা নাম নই। <e>
432,2981,Tom told me to keep quiet.,টম আমাকে চুপ করতে বলল।,টম আমাকে সঙ্গে কথা চাই। <e>
433,3738,He eats nothing other than fruit.,ও ফল ছাড়া আর কিছুই খায় না।,তিনি ফল ছাড়া আর বলতে খায় না। <e>
434,2857,What does this word mean?,এই শব্দটার মানে কী?,এই নিন নাম কী? <e>
435,1404,Who's screaming?,কে চিৎকার করছে?,কে চিৎকার <e>
436,3140,Everybody wants recognition.,সবাই স্বীকৃতি চায়।,সবাই এখানে দেখলো। <e>
437,2424,What does your son do?,আপনার ছেলে কি করে?,আপনার কি কি কী? <e>
438,60,Go away!,চলে যান।,কী কোথায়? <e>
439,787,You go first.,তোমরা প্রথমে যাও।,আপনি কথা যাও। <e>
440,1198,I want a guitar.,আমার একটা গীটার চাই।,আমার একটা গেছি। <e> <e>
441,459,No problem!,কোনো অসুবিধা নেই!,কোনো থেকে নেই। <e>
442,4208,You're not the first person to tell me that.,আপনি প্রথম মানুষ নন যে আমাকে এই কথাটা বলেছে।,আপনি কাছে হয় জন্য আর করে আমি আর <e>
443,95,Keep it.,ওটা রাখো।,ওটা <e> <e>
444,2007,I'm really confused.,আমি সত্যিই দিশেহারা হয়ে পরেছি।,আমি এখানে খুব হয়ে না। <e>
445,3392,I don't feel like eating now.,আমার এখন খেতে ইচ্ছে করছে না।,আমার এখন হয় চাই না। না। <e>
446,1349,They're doctors.,এনারা ডাক্তার।,তারা <e> <e>
447,581,I want this.,আমার এটা চাই।,আমার এটা আছি। <e>
448,1601,You may go there.,আপনি ওখানে যেতে পারেন।,আপনি ওখানে বলতে পারেন। <e>
449,3071,It's already seven o'clock.,ইতিমধ্যেই সাতটা বেজে গেছে।,ওটা একটা জন্য আছে। <e>
450,285,I saw him.,আমি ওনাকে দখতে পেলাম।,আমি এটা পছন্দ <e> <e>
451,133,You won.,আপনি জিতলেন।,আপনি <e> <e>
452,4136,I'll call them tomorrow when I come back.,আমি কাল যখন ফিরবো ওদেরকে একবার কল করবো।,আমি একটা খুব টম থেকে করে না। <e> <e>
453,1541,Take Tom outside.,টমকে বাইরে নিয়ে যান।,টমকে খুব নিয়ে <e> <e>
454,4007,I don't want Tom to see me like that.,আমি চাই না টম আমাকে ওই অবস্থায় দেখুক।,আমি চাই না টম সঙ্গে কিন্তু না। পারবেন? <e>
455,1775,Drink up your milk.,তোর দুধটা খেয়ে নে।,তোমার থেকে বয়স আছে। <e>
456,1174,I have evidence.,আমার কাছে প্রমাণ আছে।,আমার কাছে ব্যাথা <e> <e>
457,4112,Tom shouldn't have left the window open.,টমের জানালার দরজাটা খুলে রাখা উচিৎ হয় নি।,টমের আর আমার জন্য আর করে বলতে <e> না। <e>
458,3860,We're going to stay at home today.,আমরা আজ বাড়িতেই থাকব।,আমরা এখন নাম আছে। <e>
459,485,Tom yelled.,টম চিৎকার করলো।,টম চিৎকার <e>
460,38,We won.,আমরা জিতে গেছে।,আমরা চিৎকার <e>
461,3431,They wanted to steal the car.,তারা গাড়িটা চুরি করতে চাইলো।,এই দুটো খুব আছে। <e>
462,2519,I saw him wash the car.,আমি ওকে গাড়ি ধুতে দেখলাম।,আমি একটা খুব আছে। চাই। <e>
463,2668,I know all my neighbors.,আমি আমার সব প্রতিবেশীকে চিনি।,আমি আমার সঙ্গে কথা <e> না। <e>
464,2133,He has two daughters.,ওনার দুটো মেয়ে আছে।,উনি দুটো মেয়ে আছে। <e>
465,3835,It seems that I have lost my keys.,মনে হচ্ছে আমি আমার চাবি হারিয়ে ফেলেছি।,এটা কি আমার আমার থেকে করে না। <e>
466,2623,Everybody's ready to go.,সকলেই যাওয়ার জন্য তৈরি।,ওটা থেকে জন্য কী? <e>
467,1101,Call the police!,পুলিশ ডাকুন!,কী কোথায়? <e>
468,2340,I'm still your friend.,আমি এখনো তোমাদের বন্ধু আছি।,আমি এখনো খুব বন্ধু না। <e>
469,1384,We speak French.,আমরা ফরাসি ভাষা বলি।,আমরা আমাকে নিয়ে <e>
470,2262,Do you have a bicycle?,আপনার কি সাইকেল আছে?,আপনার কি আপনার আছে? <e>
471,3204,I understand your situation.,আমি আপনার অবস্থাটা বুঝতে পারছি।,আমি আপনার কথা বুঝতে না। <e>
472,707,I'm pregnant.,আমি গর্ভবতী।,আমি <e> <e>
473,1409,Are you a doctor?,তুমি কি ডাক্তার?,আপনি কি নাম <e>
474,2805,Is there any mail for me?,আমার জন্য কোনো ডাক আছে?,আমার এখানে খুব হয়ে লাগছে। <e>
475,3546,Anyone may use this dictionary.,যে কেউ এই অভিধানটি ব্যবহার করতে পারেন।,এই করে কি সময় আর করে বলতে <e>
476,4223,Tom saw dirty footprints on the white carpet.,টম কার্পেটের উপর নোংরা পায়ের ছাপ দেখতে পেল।,টম আর সঙ্গে টম থেকে করে বলতে <e> <e>
477,3916,The soldiers occupied the building.,সৈন্য বাড়িটাকে দখল করলো।,এই থেকে <e> করলো। <e>
478,1063,Was Tom crying?,টম কি কাঁদছিলো?,টম কি <e> <e>
479,3048,I don't know what you mean.,আমি জানিনা তুমি কি বোঝাতে চাইছো।,আমি চাই না টম <e> না। <e>
480,3368,Have you ever eaten raw fish?,আপনি কখনো কাঁচা মাছ খেয়েছেন?,আপনি আমার আমার সময় লাগছে। <e>
481,3385,How did you come to know her?,তুমি ওকে চিনলে কি কোরে?,আপনি কি সময় সময় <e> <e>
482,2421,We've just had dinner.,আমরা সবে রাতের খাবার খেয়েছি।,আমরা এখন খুব কোথায় কেন? <e>
483,294,I'm right.,আমি ঠিক।,আমি <e> <e>
484,963,Everybody lies.,সবাই মিথ্যা বলে।,সবাই এখানে গেছি। <e>
485,1481,I eat everything.,আমি সবকিছুই খাই।,আমি এখানে গেছি। <e>
486,697,I drink beer.,আমি বিয়ার খাই।,আমি বাইরে গেছি। <e>
487,1503,I'm just kidding.,আমি একটু মজা করছি।,আমি এটা নিয়ে আছে। <e>
488,835,I like apples.,আমি আপেল পছন্দ করি।,আমি এটা কথা করি। <e>
489,2128,Have you finished it?,তোমার ওটা করা হয়ে গেছে?,আপনার ওটা মেয়ে হয়ে লাগছে। <e>
490,582,I want this.,এটা আমার প্রয়োজন।,আমার এটা আছি। <e>
491,213,Speak up!,জোরে বলো!,আমাদের <e> <e>
492,3348,You're so impatient with me.,আপনি আমার প্রতি বড্ড অধৈর্য্য।,আপনি আমার থেকে কথা বলতে <e>
493,880,See you later.,আবার পরে দেখা হবে।,অনুগ্রহ করে আপনার <e> <e>
494,1973,I am eating noodles.,আমি নুডলস খাচ্ছি।,আমি একজন <e> <e>
495,2503,I don't agree with him.,আমি তার সাথে একমত নই।,আমি আমার সাথে টম না। <e>
496,983,I can beat you.,আমি তোমাকে পেটাতে পারি।,আমি আমার সঙ্গে নই। <e>
497,2351,Just try to keep calm.,একটু শান্ত থাকার চেষ্টা কর।,এই কি আমার সময় করতে <e>
498,2434,Where are your things?,আপনার জিনিসপত্র কোথায়?,আপনার কোথায়? <e> <e>
499,1237,I'm needed here.,আমাকে এখানে দরকার।,আমি এখানে দেখলো। <e>
